vendor,action_id,inputSchemaStatus,implementationStatus,chatExposure,executeExposure,oauthScopes,scopeRegistered,riskLevel,approvalRequired,multiStepPlans,structuredResults,testStatus,verificationClaim
salesforce,salesforce.leads.get,inferred,executable,True,True,salesforce:leads:read|salesforce:*,True,low,False,True,True,live,verified_working
salesforce,salesforce.leads.search,inferred,executable,True,True,salesforce:leads:read|salesforce:*,True,low,False,True,True,live,verified_working
salesforce,salesforce.contacts.search,override,executable,True,True,salesforce:contacts:read|salesforce:*,True,low,False,True,True,live,verified_working
salesforce,salesforce.accounts.get,inferred,executable,True,True,salesforce:accounts:read|salesforce:*,True,low,False,True,True,live,verified_working
salesforce,salesforce.opportunities.get,inferred,executable,True,True,salesforce:opportunities:read|salesforce:*,True,low,False,True,True,live,verified_working
salesforce,salesforce.query,inferred,executable,True,True,salesforce:query:read|salesforce:*,True,low,False,True,True,live,verified_working
salesforce,salesforce.leads.create,inferred,requires_approval,True,True,salesforce:leads:write|salesforce:*,True,high,True,True,True,live,verified_working
salesforce,salesforce.leads.update,inferred,requires_approval,True,True,salesforce:leads:write|salesforce:*,True,high,True,True,True,live,verified_working
salesforce,salesforce.accounts.create,inferred,requires_approval,True,True,salesforce:accounts:write|salesforce:*,True,high,True,True,True,live,verified_working
salesforce,salesforce.opportunities.create,inferred,requires_approval,True,True,salesforce:opportunities:write|salesforce:*,True,high,True,True,True,live,verified_working
salesforce,salesforce.tasks.create,inferred,requires_approval,True,True,salesforce:tasks:write|salesforce:*,True,high,True,True,True,live,verified_working
salesforce,salesforce.opportunities.update_stage,inferred,requires_approval,True,True,salesforce:opportunities:write|salesforce:*,True,high,True,True,True,live,verified_working
salesforce,salesforce.accounts.update,inferred,requires_approval,True,True,salesforce:accounts:write|salesforce:*,True,high,True,True,True,live,verified_working
salesforce,salesforce.opportunities.update,inferred,requires_approval,True,True,salesforce:opportunities:write|salesforce:*,True,high,True,True,True,live,verified_working
hubspot,hubspot.contacts.get,override,executable,True,True,hubspot:contacts:read|hubspot:*,True,low,False,True,True,live,verified_working
hubspot,hubspot.contacts.search,override,executable,True,True,hubspot:contacts:read|hubspot:*,True,low,False,True,True,live,verified_working
hubspot,hubspot.deals.get,override,executable,True,True,hubspot:deals:read|hubspot:*,True,low,False,True,True,live,verified_working
hubspot,hubspot.deals.search,override,executable,True,True,hubspot:deals:read|hubspot:*,True,low,False,True,True,live,verified_working
hubspot,hubspot.deals.list,override,executable,True,True,hubspot:deals:read|hubspot:*,True,low,False,True,True,live,verified_working
hubspot,hubspot.companies.search,override,executable,True,True,hubspot:companies:read|hubspot:*,True,low,False,True,True,live,verified_working
hubspot,hubspot.companies.get,override,executable,True,True,hubspot:companies:read|hubspot:*,True,low,False,True,True,live,verified_working
hubspot,hubspot.tickets.search,override,executable,True,True,hubspot:tickets:read|hubspot:*,True,low,False,True,True,live,verified_working
hubspot,hubspot.tickets.get,override,executable,True,True,hubspot:tickets:read|hubspot:*,True,low,False,True,True,live,verified_working
hubspot,hubspot.owners.list,override,executable,True,True,hubspot:owners:read|hubspot:*,True,low,False,True,True,live,verified_working
hubspot,hubspot.pipelines.list,override,executable,True,True,hubspot:pipelines:read|hubspot:*,True,low,False,True,True,live,verified_working
hubspot,hubspot.contacts.list,override,executable,True,True,hubspot:contacts:read|hubspot:*,True,low,False,True,True,live,verified_working
hubspot,hubspot.contacts.create,override,requires_approval,True,True,hubspot:contacts:write|hubspot:*,True,high,True,True,True,live,verified_working
hubspot,hubspot.contacts.update,override,requires_approval,True,True,hubspot:contacts:write|hubspot:*,True,high,True,True,True,live,verified_working
hubspot,hubspot.contacts.delete,override,requires_approval,True,True,hubspot:contacts:write|hubspot:*,True,high,True,True,True,live,verified_working
hubspot,hubspot.deals.create,override,requires_approval,True,True,hubspot:deals:write|hubspot:*,True,high,True,True,True,live,verified_working
hubspot,hubspot.deals.update,override,requires_approval,True,True,hubspot:deals:write|hubspot:*,True,high,True,True,True,live,verified_working
hubspot,hubspot.deals.delete,override,requires_approval,True,True,hubspot:deals:write|hubspot:*,True,high,True,True,True,live,verified_working
hubspot,hubspot.notes.create,override,requires_approval,True,True,hubspot:notes:write|hubspot:*,True,high,True,True,True,live,verified_working
hubspot,hubspot.notes.delete,override,requires_approval,True,True,hubspot:notes:write|hubspot:*,True,high,True,True,True,live,verified_working
hubspot,hubspot.associations.create,override,requires_approval,True,True,hubspot:associations:write|hubspot:*,True,high,True,True,True,live,verified_working
hubspot,hubspot.companies.create,override,requires_approval,True,True,hubspot:companies:write|hubspot:*,True,high,True,True,True,live,verified_working
hubspot,hubspot.deals.update_stage,override,requires_approval,True,True,hubspot:deals:write|hubspot:*,True,high,True,True,True,live,verified_working
hubspot,hubspot.sequences.enroll,override,requires_approval,True,True,hubspot:sequences:enroll|hubspot:*,True,high,True,True,True,live,verified_working
hubspot,hubspot.lists.get,override,executable,True,True,hubspot:lists:read|hubspot:*,True,low,False,True,True,live,verified_working
hubspot,hubspot.lists.add_contact,override,requires_approval,True,True,hubspot:lists:write|hubspot:*,True,high,True,True,True,live,verified_working
hubspot,hubspot.lists.create,override,requires_approval,True,True,hubspot:lists:write|hubspot:*,True,high,True,True,True,live,verified_working
hubspot,hubspot.tickets.create,override,requires_approval,True,True,hubspot:tickets:write|hubspot:*,True,high,True,True,True,live,verified_working
pipedrive,pipedrive.persons.search,inferred,executable,True,True,pipedrive:persons:read|pipedrive:*,True,low,False,True,True,mock,verified_working
pipedrive,pipedrive.persons.get,inferred,executable,True,True,pipedrive:persons:read|pipedrive:*,True,low,False,True,True,mock,verified_working
pipedrive,pipedrive.deals.list,inferred,executable,True,True,pipedrive:deals:read|pipedrive:*,True,low,False,True,True,mock,verified_working
pipedrive,pipedrive.deals.get,inferred,executable,True,True,pipedrive:deals:read|pipedrive:*,True,low,False,True,True,mock,verified_working
pipedrive,pipedrive.organizations.list,inferred,executable,True,True,pipedrive:organizations:read|pipedrive:*,True,low,False,True,True,mock,verified_working
pipedrive,pipedrive.pipelines.list,inferred,executable,True,True,pipedrive:pipelines:read|pipedrive:*,True,low,False,True,True,mock,verified_working
pipedrive,pipedrive.persons.create,inferred,requires_approval,True,True,pipedrive:persons:write|pipedrive:*,True,high,True,True,True,mock,verified_working
pipedrive,pipedrive.persons.update,inferred,requires_approval,True,True,pipedrive:persons:write|pipedrive:*,True,high,True,True,True,mock,verified_working
pipedrive,pipedrive.deals.create,inferred,requires_approval,True,True,pipedrive:deals:write|pipedrive:*,True,high,True,True,True,live,verified_working
pipedrive,pipedrive.deals.update,inferred,requires_approval,True,True,pipedrive:deals:write|pipedrive:*,True,high,True,True,True,mock,verified_working
pipedrive,pipedrive.deals.update_stage,inferred,requires_approval,True,True,pipedrive:deals:write|pipedrive:*,True,high,True,True,True,mock,verified_working
marketo,marketo.leads.get,inferred,executable,True,True,marketo:leads:read|marketo:*,True,low,False,True,True,live,verified_working
marketo,marketo.campaigns.list,inferred,executable,True,True,marketo:campaigns:read|marketo:*,True,low,False,True,True,live,verified_working
marketo,marketo.programs.status,inferred,executable,True,True,marketo:programs:read|marketo:*,True,low,False,True,True,live,verified_working
marketo,marketo.lists.get_leads,inferred,executable,True,True,marketo:lists:read|marketo:*,True,low,False,True,True,live,verified_working
marketo,marketo.leads.update,inferred,requires_approval,True,True,marketo:leads:write|marketo:*,True,high,True,True,True,live,verified_working
marketo,marketo.leads.create,inferred,requires_approval,True,True,marketo:leads:write|marketo:*,True,high,True,True,True,live,verified_working
marketo,marketo.campaigns.schedule,inferred,requires_approval,True,True,marketo:campaigns:write|marketo:*,True,high,True,True,True,live,verified_working
marketo,marketo.lists.add_to_static_list,inferred,requires_approval,True,True,marketo:lists:write|marketo:*,True,high,True,True,True,live,verified_working
marketo,marketo.leads.merge,inferred,requires_approval,True,True,marketo:leads:write|marketo:*,True,high,True,True,True,live,verified_working
marketo,marketo.programs.members.add,inferred,requires_approval,True,True,marketo:programs:write|marketo:*,True,high,True,True,True,live,verified_working
segment,segment.sources.list,inferred,executable,True,True,segment:sources:read|segment:*,True,low,False,True,True,live,verified_working
segment,segment.destinations.list,inferred,executable,True,True,segment:destinations:read|segment:*,True,low,False,True,True,live,verified_working
segment,segment.trackingplans.list,inferred,executable,True,True,segment:trackingplans:read|segment:*,True,low,False,True,True,live,verified_working
segment,segment.identify,inferred,requires_approval,True,True,segment:identify|segment:*,True,high,True,True,True,live,verified_working
segment,segment.track,inferred,requires_approval,True,True,segment:track|segment:*,True,high,True,True,True,live,verified_working
segment,segment.group,inferred,requires_approval,True,True,segment:group|segment:*,True,high,True,True,True,live,verified_working
segment,segment.alias,inferred,requires_approval,True,True,segment:write|segment:*,True,high,True,True,True,live,verified_working
segment,segment.page,inferred,requires_approval,True,True,segment:write|segment:*,True,high,True,True,True,live,verified_working
segment,segment.batch,inferred,requires_approval,True,True,segment:write|segment:*,True,high,True,True,True,live,verified_working
google_analytics,google_analytics.properties.list,inferred,executable,True,True,google_analytics:read|google_analytics:*,True,low,False,True,True,live,verified_working
google_analytics,google_analytics.reports.run,inferred,executable,True,True,google_analytics:read|google_analytics:*,True,low,False,True,True,live,verified_working
google_analytics,google_analytics.metadata.list,inferred,executable,True,True,google_analytics:read|google_analytics:*,True,low,False,True,True,live,verified_working
google_analytics,google_analytics.audiences.create,inferred,requires_approval,True,True,google_analytics:write|google_analytics:*,True,high,True,True,True,live,verified_working
google_analytics,google_analytics.conversions.create,inferred,requires_approval,True,True,google_analytics:write|google_analytics:*,True,high,True,True,True,live,verified_working
google_analytics,google_analytics.reports.batch,inferred,executable,True,True,google_analytics:read|google_analytics:*,True,medium,False,True,True,live,verified_working
google_analytics,google_analytics.realtime.run,inferred,executable,True,True,google_analytics:read|google_analytics:*,True,medium,False,True,True,live,verified_working
google_search_console,google_search_console.sites.list,inferred,executable,True,True,google_search_console:read|google_search_console:*,True,low,False,True,True,live,verified_working
google_search_console,google_search_console.searchAnalytics.query,inferred,executable,True,True,google_search_console:read|google_search_console:*,True,low,False,True,True,live,verified_working
google_search_console,google_search_console.sites.get,inferred,executable,True,True,google_search_console:read|google_search_console:*,True,low,False,True,True,live,verified_working
google_search_console,google_search_console.sitemaps.list,inferred,executable,True,True,google_search_console:read|google_search_console:*,True,medium,False,True,True,live,verified_working
google_ads,google_ads.campaigns.list,override,executable,True,True,google_ads:read|google_ads:*,True,low,False,True,True,live,verified_working
google_ads,google_ads.campaigns.get,override,executable,True,True,google_ads:read|google_ads:*,True,low,False,True,True,live,verified_working
google_ads,google_ads.ad_groups.list,override,executable,True,True,google_ads:read|google_ads:*,True,low,False,True,True,live,verified_working
google_ads,google_ads.reports.performance,override,executable,True,True,google_ads:read|google_ads:*,True,low,False,True,True,live,verified_working
google_ads,google_ads.keywords.list,override,executable,True,True,google_ads:read|google_ads:*,True,low,False,True,True,live,verified_working
google_ads,google_ads.campaigns.update_budget,override,requires_approval,True,True,google_ads:write|google_ads:*,True,high,True,True,True,live,verified_working
google_ads,google_ads.campaigns.pause,override,requires_approval,True,True,google_ads:write|google_ads:*,True,high,True,True,True,live,verified_working
google_ads,google_ads.campaigns.resume,override,requires_approval,True,True,google_ads:write|google_ads:*,True,high,True,True,True,live,verified_working
google_ads,google_ads.accounts.list,override,executable,True,True,google_ads:read|google_ads:*,True,medium,False,True,True,live,verified_working
google_ads,google_ads.structure.create,override,requires_approval,True,True,google_ads:write|google_ads:*,True,high,True,True,True,live,verified_working
mailchimp,mailchimp.audiences.list,inferred,executable,True,True,mailchimp:audiences:read|mailchimp:*,True,low,False,True,True,none,implemented_unverified
mailchimp,mailchimp.members.get,inferred,executable,True,True,mailchimp:members:read|mailchimp:*,True,low,False,True,True,live,verified_working
mailchimp,mailchimp.campaigns.list,inferred,executable,True,True,mailchimp:campaigns:read|mailchimp:*,True,low,False,True,True,none,implemented_unverified
mailchimp,mailchimp.members.add,inferred,requires_approval,True,True,mailchimp:members:write|mailchimp:*,True,high,True,True,True,live,verified_working
mailchimp,mailchimp.campaigns.create,inferred,requires_approval,True,True,mailchimp:campaigns:write|mailchimp:*,True,high,True,True,True,none,implemented_unverified
mailchimp,mailchimp.tags.add,inferred,requires_approval,True,True,mailchimp:tags:write|mailchimp:*,True,high,True,True,True,none,implemented_unverified
mailchimp,mailchimp.automations.trigger,inferred,requires_approval,True,True,mailchimp:automations:write|mailchimp:*,True,high,True,True,True,none,implemented_unverified
mailchimp,mailchimp.segments.add_member,inferred,requires_approval,True,True,mailchimp:segments:write|mailchimp:*,True,high,True,True,True,none,implemented_unverified
mailchimp,mailchimp.batch.subscribe,inferred,requires_approval,True,True,mailchimp:members:write|mailchimp:*,True,high,True,True,True,none,implemented_unverified
mixpanel,mixpanel.events.query,inferred,executable,True,True,mixpanel:events:read|mixpanel:*,True,low,False,True,True,none,implemented_unverified
mixpanel,mixpanel.funnels.list,inferred,executable,True,True,mixpanel:funnels:read|mixpanel:*,True,low,False,True,True,none,implemented_unverified
mixpanel,mixpanel.cohorts.list,inferred,executable,True,True,mixpanel:cohorts:read|mixpanel:*,True,low,False,True,True,none,implemented_unverified
mixpanel,mixpanel.profiles.set,inferred,requires_approval,True,True,mixpanel:profiles:write|mixpanel:*,True,high,True,True,True,none,implemented_unverified
mixpanel,mixpanel.events.track,inferred,requires_approval,True,True,mixpanel:events:write|mixpanel:*,True,high,True,True,True,live,verified_working
mixpanel,mixpanel.cohorts.export,inferred,executable,True,True,mixpanel:cohorts:read|mixpanel:*,True,medium,False,True,True,none,implemented_unverified
mixpanel,mixpanel.annotations.create,inferred,requires_approval,True,True,mixpanel:annotations:write|mixpanel:*,True,high,True,True,True,none,implemented_unverified
mixpanel,mixpanel.engage.query,inferred,executable,True,True,mixpanel:engage:read|mixpanel:*,True,medium,False,True,True,none,implemented_unverified
constant_contact,constant_contact.contacts.list,inferred,executable,True,True,constant_contact:contacts:read|constant_contact:*,True,low,False,True,True,live,verified_working
constant_contact,constant_contact.contacts.get,inferred,executable,True,True,constant_contact:contacts:read|constant_contact:*,True,low,False,True,True,live,verified_working
constant_contact,constant_contact.campaigns.list,inferred,executable,True,True,constant_contact:campaigns:read|constant_contact:*,True,low,False,True,True,live,verified_working
constant_contact,constant_contact.contacts.create,inferred,requires_approval,True,True,constant_contact:contacts:write|constant_contact:*,True,high,True,True,True,live,verified_working
constant_contact,constant_contact.contacts.update,inferred,requires_approval,True,True,constant_contact:contacts:write|constant_contact:*,True,high,True,True,True,live,verified_working
constant_contact,constant_contact.campaigns.create,inferred,requires_approval,True,True,constant_contact:campaigns:write|constant_contact:*,True,high,True,True,True,live,verified_working
constant_contact,constant_contact.lists.add_contacts,inferred,requires_approval,True,True,constant_contact:lists:write|constant_contact:*,True,high,True,True,True,live,verified_working
constant_contact,constant_contact.tags.apply,inferred,requires_approval,True,True,constant_contact:tags:write|constant_contact:*,True,high,True,True,True,live,verified_working
constant_contact,constant_contact.campaigns.schedule,inferred,requires_approval,True,True,constant_contact:campaigns:write|constant_contact:*,True,high,True,True,True,live,verified_working
constant_contact,constant_contact.contact_lists.list,inferred,executable,True,True,constant_contact:lists:read|constant_contact:*,True,medium,False,True,True,live,verified_working
constant_contact,constant_contact.segments.list,inferred,executable,True,True,constant_contact:segments:read|constant_contact:*,True,medium,False,True,True,live,verified_working
constant_contact,constant_contact.contacts.delete,inferred,requires_approval,True,True,constant_contact:contacts:write|constant_contact:*,True,high,True,True,True,live,verified_working
hootsuite,hootsuite.organizations.list,inferred,executable,True,True,hootsuite:organizations:read|hootsuite:*,True,low,False,True,True,none,implemented_unverified
hootsuite,hootsuite.messages.list,inferred,executable,True,True,hootsuite:messages:read|hootsuite:*,True,low,False,True,True,none,implemented_unverified
hootsuite,hootsuite.analytics.summary,inferred,executable,True,True,hootsuite:analytics:read|hootsuite:*,True,low,False,True,True,none,implemented_unverified
hootsuite,hootsuite.messages.schedule,inferred,requires_approval,True,True,hootsuite:messages:write|hootsuite:*,True,high,True,True,True,none,implemented_unverified
hootsuite,hootsuite.messages.update,inferred,requires_approval,True,True,hootsuite:messages:write|hootsuite:*,True,high,True,True,True,none,implemented_unverified
hootsuite,hootsuite.inbox.reply,inferred,requires_approval,True,True,hootsuite:inbox:write|hootsuite:*,True,high,True,True,True,none,implemented_unverified
hootsuite,hootsuite.approvals.submit,inferred,requires_approval,True,True,hootsuite:approvals:write|hootsuite:*,True,high,True,True,True,none,implemented_unverified
hootsuite,hootsuite.bulk.schedule,inferred,requires_approval,True,True,hootsuite:messages:write|hootsuite:*,True,high,True,True,True,none,implemented_unverified
semrush,semrush.domain.overview,inferred,executable,True,True,semrush:analytics:read|semrush:*,True,low,False,True,True,live,verified_working
semrush,semrush.keywords.list,inferred,executable,True,True,semrush:keywords:read|semrush:*,True,low,False,True,True,mock,verified_working
semrush,semrush.backlinks.list,inferred,executable,True,True,semrush:backlinks:read|semrush:*,True,low,False,True,True,mock,verified_working
semrush,semrush.projects.create,inferred,requires_approval,True,True,semrush:projects:write|semrush:*,True,high,True,True,True,live,verified_working
semrush,semrush.position_tracking.add,inferred,requires_approval,True,True,semrush:tracking:write|semrush:*,True,high,True,True,True,mock,verified_working
semrush,semrush.batch.domain,inferred,executable,True,True,semrush:analytics:read|semrush:*,True,medium,False,True,True,mock,verified_working
semrush,semrush.competitors.compare,inferred,executable,True,True,semrush:analytics:read|semrush:*,True,medium,False,True,True,mock,verified_working
semrush,semrush.exports.run,inferred,requires_approval,True,True,semrush:exports:write|semrush:*,True,high,True,True,True,mock,verified_working
ahrefs,ahrefs.backlinks.list,inferred,executable,True,True,ahrefs:backlinks:read|ahrefs:*,True,low,False,True,True,mock,verified_working
ahrefs,ahrefs.keywords.list,inferred,executable,True,True,ahrefs:keywords:read|ahrefs:*,True,low,False,True,True,mock,verified_working
ahrefs,ahrefs.domain.rating,inferred,executable,True,True,ahrefs:domain:read|ahrefs:*,True,low,False,True,True,mock,verified_working
ahrefs,ahrefs.brand_radar.overview,inferred,executable,True,True,ahrefs:brand_radar:read|ahrefs:*,True,low,False,True,True,live,verified_working
ahrefs,ahrefs.brand_radar.prompts.list,inferred,executable,True,True,ahrefs:brand_radar:read|ahrefs:*,True,low,False,True,True,mock,verified_working
ahrefs,ahrefs.projects.create,inferred,requires_approval,True,True,ahrefs:projects:write|ahrefs:*,True,high,True,True,True,live,verified_working
ahrefs,ahrefs.rank_tracker.add,inferred,requires_approval,True,True,ahrefs:tracking:write|ahrefs:*,True,high,True,True,True,live,verified_working
ahrefs,ahrefs.brand_radar.prompts.track,inferred,requires_approval,True,True,ahrefs:brand_radar:write|ahrefs:*,True,high,True,True,True,mock,verified_working
ahrefs,ahrefs.competitors.compare,inferred,executable,True,True,ahrefs:domain:read|ahrefs:*,True,low,False,True,True,mock,verified_working
ahrefs,ahrefs.top_pages.list,inferred,executable,True,True,ahrefs:pages:read|ahrefs:*,True,low,False,True,True,mock,verified_working
ahrefs,ahrefs.brand_radar.competitors.compare,inferred,executable,True,True,ahrefs:brand_radar:read|ahrefs:*,True,low,False,True,True,mock,verified_working
ahrefs,ahrefs.brand_radar.exports.run,inferred,executable,True,True,ahrefs:brand_radar:read|ahrefs:*,True,medium,False,True,True,mock,verified_working
finseo,finseo.projects.list,inferred,executable,True,True,finseo:projects:read|finseo:*,True,low,False,True,True,none,implemented_unverified
finseo,finseo.metrics.overview,inferred,executable,True,True,finseo:metrics:read|finseo:*,True,low,False,True,True,none,implemented_unverified
finseo,finseo.prompts.list,inferred,executable,True,True,finseo:prompts:read|finseo:*,True,low,False,True,True,none,implemented_unverified
finseo,finseo.prompts.track,inferred,requires_approval,True,True,finseo:prompts:write|finseo:*,True,high,True,True,True,none,implemented_unverified
finseo,finseo.competitors.compare,inferred,executable,True,True,finseo:competitors:read|finseo:*,True,low,False,True,True,none,implemented_unverified
finseo,finseo.exports.run,inferred,executable,True,True,finseo:exports:read|finseo:*,True,medium,False,True,True,none,implemented_unverified
ai_visibility_ui,ai_visibility_ui.surfaces.list,inferred,executable,True,True,ai_visibility_ui:surfaces:read|ai_visibility_ui:*,True,low,False,True,True,mock,verified_working
ai_visibility_ui,ai_visibility_ui.mentions.check,inferred,executable,True,True,ai_visibility_ui:mentions:read|ai_visibility_ui:*,True,low,False,True,True,mock,verified_working
ai_visibility_ui,ai_visibility_ui.prompts.batch,inferred,requires_approval,True,True,ai_visibility_ui:prompts:write|ai_visibility_ui:*,True,high,True,True,True,mock,verified_working
ai_visibility_ui,ai_visibility_ui.captures.export,inferred,executable,True,True,ai_visibility_ui:captures:read|ai_visibility_ui:*,True,medium,False,True,True,mock,verified_working
pdl,pdl.person.enrich,inferred,executable,True,True,pdl:person:read|pdl:*,True,low,False,True,True,live,verified_working
pdl,pdl.company.enrich,inferred,executable,True,True,pdl:company:read|pdl:*,True,low,False,True,True,live,verified_working
pdl,pdl.person.identify,inferred,executable,True,True,pdl:person:read|pdl:*,True,low,False,True,True,live,verified_working
pdl,pdl.person.prefetch,inferred,executable,True,True,pdl:person:read|pdl:*,True,low,False,True,True,live,verified_working
stackadapt,stackadapt.campaigns.list,inferred,executable,True,True,stackadapt:campaigns:read|stackadapt:*,True,low,False,True,True,none,implemented_unverified
stackadapt,stackadapt.campaigns.get,inferred,executable,True,True,stackadapt:campaigns:read|stackadapt:*,True,low,False,True,True,none,implemented_unverified
stackadapt,stackadapt.stats.summary,inferred,executable,True,True,stackadapt:stats:read|stackadapt:*,True,low,False,True,True,none,implemented_unverified
stackadapt,stackadapt.campaigns.create,inferred,requires_approval,True,True,stackadapt:campaigns:write|stackadapt:*,True,high,True,True,True,live,verified_working
stackadapt,stackadapt.campaigns.update,inferred,requires_approval,True,True,stackadapt:campaigns:write|stackadapt:*,True,high,True,True,True,none,implemented_unverified
stackadapt,stackadapt.audiences.sync,inferred,requires_approval,True,True,stackadapt:audiences:write|stackadapt:*,True,high,True,True,True,none,implemented_unverified
stackadapt,stackadapt.creatives.upload,inferred,requires_approval,True,True,stackadapt:creatives:write|stackadapt:*,True,high,True,True,True,none,implemented_unverified
stackadapt,stackadapt.reports.export,inferred,executable,True,True,stackadapt:reports:read|stackadapt:*,True,medium,False,True,True,none,implemented_unverified
linkedin,linkedin.prospect.enrich,inferred,executable,True,True,linkedin:prospects:read|linkedin:*,True,low,False,True,True,mock,verified_working
linkedin,linkedin.organizations.get,inferred,executable,True,True,linkedin:organizations:read|linkedin:*,True,low,False,True,True,mock,verified_working
linkedin,linkedin.ads.accounts.list,inferred,executable,True,True,linkedin:ads:read|linkedin:*,True,low,False,True,True,mock,verified_working
linkedin,linkedin.leads.submit,inferred,requires_approval,True,True,linkedin:leads:write|linkedin:*,True,high,True,True,True,mock,verified_working
linkedin,linkedin.audience.update,inferred,requires_approval,True,True,linkedin:audiences:write|linkedin:*,True,high,True,True,True,mock,verified_working
linkedin,linkedin.campaigns.optimize,inferred,requires_approval,True,True,linkedin:ads:write|linkedin:*,True,high,True,True,True,mock,verified_working
linkedin,linkedin.conversions.track,inferred,requires_approval,True,True,linkedin:conversions:write|linkedin:*,True,high,True,True,True,mock,verified_working
linkedin,linkedin.batch.enrich,inferred,executable,True,True,linkedin:prospects:read|linkedin:*,True,medium,False,True,True,mock,verified_working
apollo,apollo.people.search,override,executable,True,True,apollo:people:read|apollo:*,True,low,False,True,True,live,verified_working
apollo,apollo.organizations.search,inferred,executable,True,True,apollo:organizations:read|apollo:*,True,low,False,True,True,mock,verified_working
apollo,apollo.contacts.get,inferred,executable,True,True,apollo:contacts:read|apollo:*,True,low,False,True,True,live,verified_working
apollo,apollo.contacts.search,override,executable,True,True,apollo:contacts:read|apollo:*,True,low,False,True,True,live,verified_working
apollo,apollo.lists.list,override,executable,True,True,apollo:labels:read|apollo:*,True,low,False,True,True,live,verified_working
apollo,apollo.people.match,override,executable,True,True,apollo:enrichment:read|apollo:*,True,low,False,True,True,live,verified_working
apollo,apollo.organizations.enrich,override,executable,True,True,apollo:enrichment:read|apollo:*,True,low,False,True,True,live,verified_working
apollo,apollo.contacts.create,inferred,requires_approval,True,True,apollo:contacts:write|apollo:*,True,high,True,True,True,live,verified_working
apollo,apollo.lists.create,override,requires_approval,True,True,apollo:labels:write|apollo:*,True,high,True,True,True,live,verified_working
apollo,apollo.lists.add,override,requires_approval,True,True,apollo:labels:write|apollo:*,True,high,True,True,True,live,verified_working
apollo,apollo.sequences.add,inferred,requires_approval,True,True,apollo:sequences:write|apollo:*,True,high,True,True,True,live,verified_working
apollo,apollo.enrichment.bulk,inferred,requires_approval,True,True,apollo:enrichment:write|apollo:*,True,high,True,True,True,live,verified_working
apollo,apollo.tasks.create,inferred,requires_approval,True,True,apollo:tasks:write|apollo:*,True,high,True,True,True,live,verified_working
apollo,apollo.signals.subscribe,inferred,executable,True,True,apollo:signals:read|apollo:*,True,medium,False,True,True,live,verified_working
apollo,apollo.contacts.update,inferred,requires_approval,True,True,apollo:contacts:write|apollo:*,True,high,True,True,True,live,verified_working
apollo,apollo.contacts.delete,inferred,requires_approval,True,True,apollo:contacts:write|apollo:*,True,high,True,True,True,live,verified_working
apollo,apollo.sequences.remove,inferred,requires_approval,True,True,apollo:sequences:write|apollo:*,True,high,True,True,True,live,verified_working
clay,clay.tables.list,inferred,executable,True,True,clay:tables:read|clay:*,True,low,False,True,True,live,verified_working
clay,clay.people.enrich,inferred,executable,True,True,clay:people:read|clay:*,True,low,False,True,True,live,verified_working
clay,clay.companies.enrich,inferred,executable,True,True,clay:companies:read|clay:*,True,low,False,True,True,live,verified_working
clay,clay.workflows.output.get,inferred,executable,True,True,clay:workflows:read|clay:*,True,low,False,True,True,live,verified_working
clay,clay.leads.push,inferred,requires_approval,True,True,clay:leads:write|clay:*,True,high,True,True,True,live,verified_working
clay,clay.enrichments.request,inferred,requires_approval,True,True,clay:enrichments:write|clay:*,True,high,True,True,True,live,verified_working
clay,clay.crm.sync,inferred,requires_approval,True,True,clay:crm:write|clay:*,True,high,True,True,True,live,verified_working
engagebay,engagebay.contacts.search,override,executable,True,True,engagebay:contacts:read|engagebay:*,True,low,False,True,True,none,implemented_unverified
engagebay,engagebay.contacts.get,override,executable,True,True,engagebay:contacts:read|engagebay:*,True,low,False,True,True,none,implemented_unverified
engagebay,engagebay.deals.list,override,executable,True,True,engagebay:deals:read|engagebay:*,True,low,False,True,True,none,implemented_unverified
engagebay,engagebay.contacts.create,override,requires_approval,True,True,engagebay:contacts:write|engagebay:*,True,high,True,True,True,live,verified_working
engagebay,engagebay.contacts.update,override,requires_approval,True,True,engagebay:contacts:write|engagebay:*,True,high,True,True,True,live,verified_working
engagebay,engagebay.tasks.create,override,requires_approval,True,True,engagebay:tasks:write|engagebay:*,True,high,True,True,True,none,implemented_unverified
stripe,stripe.invoices.list,inferred,executable,True,True,stripe:invoices:read|stripe:*,True,low,False,True,True,live,verified_working
stripe,stripe.subscriptions.get,inferred,executable,True,True,stripe:subscriptions:read|stripe:*,True,low,False,True,True,live,verified_working
stripe,stripe.customers.get,inferred,executable,True,True,stripe:customers:read|stripe:*,True,low,False,True,True,live,verified_working
stripe,stripe.customers.create,inferred,requires_approval,True,True,stripe:customers:write|stripe:*,True,high,True,True,True,live,verified_working
stripe,stripe.invoices.create,inferred,requires_approval,True,True,stripe:invoices:write|stripe:*,True,high,True,True,True,live,verified_working
stripe,stripe.refunds.create,inferred,requires_approval,True,True,stripe:refunds:write|stripe:*,True,high,True,True,True,live,verified_working
stripe,stripe.subscriptions.update,inferred,requires_approval,True,True,stripe:subscriptions:write|stripe:*,True,high,True,True,True,live,verified_working
stripe,stripe.payment_intents.confirm,inferred,requires_approval,True,True,stripe:payments:write|stripe:*,True,high,True,True,True,live,verified_working
stripe,stripe.checkout.sessions.create,inferred,requires_approval,True,True,stripe:checkout:write|stripe:*,True,high,True,True,True,live,verified_working
quickbooks,quickbooks.invoices.list,inferred,executable,True,True,quickbooks:invoices:read|quickbooks:*,True,low,False,True,True,live,verified_working
quickbooks,quickbooks.invoices.get,inferred,executable,True,True,quickbooks:invoices:read|quickbooks:*,True,low,False,True,True,live,verified_working
quickbooks,quickbooks.customers.list,inferred,executable,True,True,quickbooks:customers:read|quickbooks:*,True,low,False,True,True,live,verified_working
quickbooks,quickbooks.customers.get,inferred,executable,True,True,quickbooks:customers:read|quickbooks:*,True,low,False,True,True,live,verified_working
quickbooks,quickbooks.vendors.list,inferred,executable,True,True,quickbooks:vendors:read|quickbooks:*,True,low,False,True,True,live,verified_working
quickbooks,quickbooks.accounts.list,inferred,executable,True,True,quickbooks:accounts:read|quickbooks:*,True,low,False,True,True,live,verified_working
quickbooks,quickbooks.payments.list,inferred,executable,True,True,quickbooks:payments:read|quickbooks:*,True,low,False,True,True,live,verified_working
quickbooks,quickbooks.companyinfo.get,inferred,executable,True,True,quickbooks:company:read|quickbooks:*,True,low,False,True,True,live,verified_working
quickbooks,quickbooks.invoices.create,inferred,requires_approval,True,True,quickbooks:invoices:write|quickbooks:*,True,high,True,True,True,live,verified_working
quickbooks,quickbooks.customers.create,inferred,requires_approval,True,True,quickbooks:customers:write|quickbooks:*,True,high,True,True,True,live,verified_working
quickbooks,quickbooks.payments.create,inferred,requires_approval,True,True,quickbooks:payments:write|quickbooks:*,True,high,True,True,True,live,verified_working
quickbooks,quickbooks.customers.search,inferred,executable,True,True,quickbooks:customers:read|quickbooks:*,True,medium,False,True,True,live,verified_working
quickbooks,quickbooks.bills.list,inferred,executable,True,True,quickbooks:bills:read|quickbooks:*,True,medium,False,True,True,live,verified_working
quickbooks,quickbooks.bills.get,inferred,executable,True,True,quickbooks:bills:read|quickbooks:*,True,medium,False,True,True,live,verified_working
quickbooks,quickbooks.vendors.get,inferred,executable,True,True,quickbooks:vendors:read|quickbooks:*,True,medium,False,True,True,live,verified_working
quickbooks,quickbooks.journalentries.create,inferred,requires_approval,True,True,quickbooks:write|quickbooks:*,True,high,True,True,True,live,verified_working
netsuite,netsuite.customers.get,inferred,executable,True,True,netsuite:customers:read|netsuite:*,True,low,False,True,True,mock,verified_working
netsuite,netsuite.invoices.list,inferred,executable,True,True,netsuite:invoices:read|netsuite:*,True,low,False,True,True,live,verified_working
netsuite,netsuite.salesorders.get,inferred,executable,True,True,netsuite:salesorders:read|netsuite:*,True,low,False,True,True,mock,verified_working
netsuite,netsuite.customers.update,inferred,requires_approval,True,True,netsuite:write|netsuite:*,True,high,True,True,True,mock,verified_working
netsuite,netsuite.journalentries.create,inferred,requires_approval,True,True,netsuite:write|netsuite:*,True,high,True,True,True,mock,verified_working
netsuite,netsuite.salesorders.create,inferred,requires_approval,True,True,netsuite:salesorders:write|netsuite:*,True,high,True,True,True,mock,verified_working
netsuite,netsuite.items.get,inferred,executable,True,True,netsuite:items:read|netsuite:*,True,medium,False,True,True,mock,verified_working
netsuite,netsuite.invoices.get,inferred,executable,True,True,netsuite:invoices:read|netsuite:*,True,medium,False,True,True,mock,verified_working
netsuite,netsuite.fulfillment.create,inferred,requires_approval,True,True,netsuite:fulfillment:write|netsuite:*,True,high,True,True,True,mock,verified_working
xero,xero.contacts.list,inferred,executable,True,True,xero:contacts:read|xero:*,True,low,False,True,True,none,implemented_unverified
xero,xero.invoices.list,inferred,executable,True,True,xero:invoices:read|xero:*,True,low,False,True,True,none,implemented_unverified
xero,xero.accounts.list,inferred,executable,True,True,xero:accounts:read|xero:*,True,low,False,True,True,live,verified_working
xero,xero.invoices.create,inferred,requires_approval,True,True,xero:invoices:write|xero:*,True,high,True,True,True,none,implemented_unverified
xero,xero.contacts.create,inferred,requires_approval,True,True,xero:contacts:write|xero:*,True,high,True,True,True,live,verified_working
xero,xero.payments.create,inferred,requires_approval,True,True,xero:payments:write|xero:*,True,high,True,True,True,none,implemented_unverified
xero,xero.banktransactions.import,inferred,requires_approval,True,True,xero:bank:write|xero:*,True,high,True,True,True,none,implemented_unverified
xero,xero.reports.profitloss,inferred,executable,True,True,xero:reports:read|xero:*,True,medium,False,True,True,none,implemented_unverified
xero,xero.batch.invoices,inferred,requires_approval,True,True,xero:invoices:write|xero:*,True,high,True,True,True,none,implemented_unverified
clio,clio.contacts.search,inferred,executable,True,True,clio:contacts:read|clio:*,True,low,False,True,True,mock,verified_working
clio,clio.contacts.get,inferred,executable,True,True,clio:contacts:read|clio:*,True,low,False,True,True,mock,verified_working
clio,clio.matters.search,inferred,executable,True,True,clio:matters:read|clio:*,True,low,False,True,True,mock,verified_working
clio,clio.conflict.checklist,inferred,requires_approval,True,True,clio:conflicts:write|clio:*,True,high,True,True,True,mock,verified_working
clio,clio.intake.tasks,inferred,requires_approval,True,True,clio:tasks:write|clio:*,True,high,True,True,True,mock,verified_working
clio,clio.matters.create,inferred,requires_approval,True,True,clio:matters:write|clio:*,True,high,True,True,True,live,verified_working
clio,clio.tasks.create,inferred,requires_approval,True,True,clio:tasks:write|clio:*,True,high,True,True,True,mock,verified_working
clio,clio.calendar_entries.list,inferred,executable,True,True,clio:calendar:read|clio:*,True,medium,False,True,True,mock,verified_working
real_estate,real_estate.mls.note,inferred,requires_approval,True,True,real_estate:mls:write|real_estate:*,True,high,True,True,True,mock,verified_working
real_estate,real_estate.handoff.brief,inferred,requires_approval,True,True,real_estate:handoff:write|real_estate:*,True,high,True,True,True,mock,verified_working
real_estate,real_estate.listing.publish,inferred,requires_approval,True,True,real_estate:listings:write|real_estate:*,True,high,True,True,True,mock,verified_working
real_estate,real_estate.mls.sync,inferred,executable,True,True,real_estate:mls:read|real_estate:*,True,medium,False,True,True,mock,verified_working
plaid,plaid.accounts.get,inferred,executable,True,True,plaid:accounts:read|plaid:*,True,low,False,True,True,live,verified_working
plaid,plaid.transactions.list,inferred,executable,True,True,plaid:transactions:read|plaid:*,True,low,False,True,True,none,implemented_unverified
plaid,plaid.balances.get,inferred,executable,True,True,plaid:balances:read|plaid:*,True,low,False,True,True,none,implemented_unverified
plaid,plaid.link.token.create,inferred,requires_approval,True,True,plaid:link:write|plaid:*,True,high,True,True,True,none,implemented_unverified
plaid,plaid.public_token.exchange,inferred,requires_approval,True,True,plaid:link:write|plaid:*,True,high,True,True,True,live,verified_working
plaid,plaid.transactions.sync,inferred,executable,True,True,plaid:transactions:read|plaid:*,True,medium,False,True,True,none,implemented_unverified
plaid,plaid.identity.get,inferred,executable,True,True,plaid:identity:read|plaid:*,True,medium,False,True,True,none,implemented_unverified
plaid,plaid.investments.holdings,inferred,executable,True,True,plaid:investments:read|plaid:*,True,medium,False,True,True,none,implemented_unverified
slack,slack.conversations.list,override,executable,True,True,slack:channels:read|slack:*,True,low,False,True,True,live,verified_working
slack,slack.conversations.history,override,executable,True,True,slack:messages:read|slack:*,True,low,False,True,True,mock,verified_working
slack,slack.users.list,override,executable,True,True,slack:users:read|slack:*,True,low,False,True,True,mock,verified_working
slack,slack.users.info,override,executable,True,True,slack:users:read|slack:*,True,low,False,True,True,live,verified_working
slack,slack.search_files,inferred,executable,True,True,slack:files:read|slack:*,True,low,False,True,True,mock,verified_working
slack,slack.get_file_metadata,inferred,executable,True,True,slack:files:read|slack:*,True,low,False,True,True,mock,verified_working
slack,slack.get_file_content,inferred,executable,True,True,slack:files:read|slack:*,True,low,False,True,True,mock,verified_working
slack,slack.post_message,override,requires_approval,True,True,slack:messages:write|slack:*,True,high,True,True,True,live,verified_working
slack,slack.conversations.create,inferred,requires_approval,True,True,slack:channels:write|slack:*,True,high,True,True,True,live,verified_working
slack,slack.chat.update,inferred,requires_approval,True,True,slack:messages:write|slack:*,True,high,True,True,True,mock,verified_working
slack,slack.conversations.join,override,requires_approval,True,True,slack:channels:join|slack:*,True,high,True,True,True,live,verified_working
slack,slack.files.upload,inferred,requires_approval,True,True,slack:files:write|slack:*,True,high,True,True,True,mock,verified_working
slack,slack.reactions.add,inferred,requires_approval,True,True,slack:reactions:write|slack:*,True,high,True,True,True,mock,verified_working
slack,slack.workflows.trigger,inferred,requires_approval,True,True,slack:workflows:write|slack:*,True,high,True,True,True,mock,verified_working
microsoft_teams,microsoft_teams.teams.list,inferred,executable,True,True,microsoft_teams:teams:read|microsoft_teams:*,True,low,False,True,True,live,verified_working
microsoft_teams,microsoft_teams.channels.list,inferred,executable,True,True,microsoft_teams:channels:read|microsoft_teams:*,True,low,False,True,True,none,implemented_unverified
microsoft_teams,microsoft_teams.messages.list,inferred,executable,True,True,microsoft_teams:messages:read|microsoft_teams:*,True,low,False,True,True,none,implemented_unverified
microsoft_teams,microsoft_teams.messages.send,inferred,requires_approval,True,True,microsoft_teams:messages:write|microsoft_teams:*,True,high,True,True,True,live,verified_working
microsoft_teams,microsoft_teams.meetings.create,inferred,requires_approval,True,True,microsoft_teams:meetings:write|microsoft_teams:*,True,high,True,True,True,none,implemented_unverified
microsoft_teams,microsoft_teams.tabs.create,inferred,requires_approval,True,True,microsoft_teams:tabs:write|microsoft_teams:*,True,high,True,True,True,none,implemented_unverified
microsoft_teams,microsoft_teams.members.add,inferred,requires_approval,True,True,microsoft_teams:members:write|microsoft_teams:*,True,high,True,True,True,none,implemented_unverified
microsoft_teams,microsoft_teams.presence.set,inferred,requires_approval,True,True,microsoft_teams:presence:write|microsoft_teams:*,True,high,True,True,True,none,implemented_unverified
microsoft365,microsoft365.users.get,inferred,executable,True,True,microsoft365:users:read|microsoft365:*,True,low,False,True,True,mock,verified_working
microsoft365,microsoft365.mail.messages.list,inferred,executable,True,True,microsoft365:mail:read|microsoft365:*,True,low,False,True,True,live,verified_working
microsoft365,microsoft365.calendar.events.list,inferred,executable,True,True,microsoft365:calendar:read|microsoft365:*,True,low,False,True,True,mock,verified_working
microsoft365,microsoft365.teams.list,inferred,executable,True,True,microsoft365:teams:read|microsoft365:*,True,low,False,True,True,live,verified_working
microsoft365,microsoft365.teams.channels.list,inferred,executable,True,True,microsoft365:channels:read|microsoft365:*,True,low,False,True,True,mock,verified_working
microsoft365,microsoft365.teams.messages.list,inferred,executable,True,True,microsoft365:messages:read|microsoft365:*,True,low,False,True,True,mock,verified_working
microsoft365,microsoft365.search_files,inferred,executable,True,True,microsoft365:files:read|microsoft365:*,True,low,False,True,True,mock,verified_working
microsoft365,microsoft365.get_file_metadata,inferred,executable,True,True,microsoft365:files:read|microsoft365:*,True,low,False,True,True,mock,verified_working
microsoft365,microsoft365.get_file_content,inferred,executable,True,True,microsoft365:files:read|microsoft365:*,True,low,False,True,True,mock,verified_working
microsoft365,microsoft365.mail.send,inferred,requires_approval,True,True,microsoft365:mail:send|microsoft365:*,True,high,True,True,True,mock,verified_working
microsoft365,microsoft365.calendar.events.create,inferred,requires_approval,True,True,microsoft365:calendar:write|microsoft365:*,True,high,True,True,True,mock,verified_working
microsoft365,microsoft365.files.upload,inferred,requires_approval,True,True,microsoft365:files:write|microsoft365:*,True,high,True,True,True,mock,verified_working
microsoft365,microsoft365.teams.messages.send,inferred,requires_approval,True,True,microsoft365:messages:write|microsoft365:*,True,high,True,True,True,live,verified_working
microsoft365,microsoft365.teams.meetings.create,inferred,requires_approval,True,True,microsoft365:meetings:write|microsoft365:*,True,high,True,True,True,mock,verified_working
microsoft365,microsoft365.excel.workbook.update,inferred,requires_approval,True,True,microsoft365:excel:write|microsoft365:*,True,high,True,True,True,mock,verified_working
microsoft365,microsoft365.teams.notify,inferred,requires_approval,True,True,microsoft365:teams:write|microsoft365:*,True,high,True,True,True,mock,verified_working
microsoft365,microsoft365.batch.mail,inferred,requires_approval,True,True,microsoft365:mail:send|microsoft365:*,True,high,True,True,True,mock,verified_working
microsoft365,microsoft365.teams.tabs.create,inferred,requires_approval,True,True,microsoft365:tabs:write|microsoft365:*,True,high,True,True,True,mock,verified_working
microsoft365,microsoft365.teams.members.add,inferred,requires_approval,True,True,microsoft365:members:write|microsoft365:*,True,high,True,True,True,mock,verified_working
microsoft365,microsoft365.teams.presence.set,inferred,requires_approval,True,True,microsoft365:presence:write|microsoft365:*,True,high,True,True,True,mock,verified_working
microsoft365,microsoft365.sharepoint.sites.list,inferred,executable,True,True,microsoft365:sites:read|microsoft365:*,True,medium,False,True,True,live,verified_working
microsoft365,microsoft365.sharepoint.drives.list,inferred,executable,True,True,microsoft365:sites:read|microsoft365:*,True,medium,False,True,True,mock,verified_working
microsoft365,microsoft365.sharepoint.files.list,inferred,executable,True,True,microsoft365:sites:read|microsoft365:*,True,medium,False,True,True,mock,verified_working
microsoft365,microsoft365.sharepoint.files.upload,inferred,requires_approval,True,True,microsoft365:sites:write|microsoft365:*,True,high,True,True,True,mock,verified_working
microsoft365,microsoft365.sharepoint.files.delete,inferred,requires_approval,True,True,microsoft365:sites:write|microsoft365:*,True,high,True,True,True,live,verified_working
gmail,gmail.messages.list,inferred,executable,True,True,gmail:read|gmail:*,True,low,False,True,True,live,verified_working
gmail,gmail.messages.get,inferred,executable,True,True,gmail:read|gmail:*,True,low,False,True,True,live,verified_working
gmail,gmail.labels.list,inferred,executable,True,True,gmail:read|gmail:*,True,low,False,True,True,live,verified_working
gmail,gmail.messages.send,override,requires_approval,True,True,gmail:send|gmail:*,True,high,True,True,True,live,verified_working
gmail,gmail.drafts.create,inferred,requires_approval,True,True,gmail:write|gmail:*,True,high,True,True,True,live,verified_working
gmail,gmail.labels.create,inferred,requires_approval,True,True,gmail:write|gmail:*,True,high,True,True,True,live,verified_working
gmail,gmail.threads.modify,inferred,requires_approval,True,True,gmail:write|gmail:*,True,high,True,True,True,live,verified_working
gmail,gmail.messages.batch,inferred,requires_approval,True,True,gmail:write|gmail:*,True,high,True,True,True,live,verified_working
gmail,gmail.watch.create,inferred,requires_approval,True,True,gmail:write|gmail:*,True,high,True,True,True,live,verified_working
google_calendar,google_calendar.freebusy,inferred,executable,True,True,google_calendar:read|google_calendar:*,True,low,False,True,True,live,verified_working
google_calendar,google_calendar.events.list,inferred,executable,True,True,google_calendar:read|google_calendar:*,True,low,False,True,True,live,verified_working
google_calendar,google_calendar.calendars.list,inferred,executable,True,True,google_calendar:read|google_calendar:*,True,low,False,True,True,live,verified_working
google_calendar,google_calendar.events.create,inferred,requires_approval,True,True,google_calendar:write|google_calendar:*,True,high,True,True,True,live,verified_working
google_calendar,google_calendar.events.update,inferred,requires_approval,True,True,google_calendar:write|google_calendar:*,True,high,True,True,True,live,verified_working
google_calendar,google_calendar.events.delete,inferred,requires_approval,True,True,google_calendar:write|google_calendar:*,True,high,True,True,True,live,verified_working
google_calendar,google_calendar.events.quick_add,inferred,requires_approval,True,True,google_calendar:write|google_calendar:*,True,high,True,True,True,live,verified_working
google_calendar,google_calendar.acl.list,inferred,executable,True,True,google_calendar:read|google_calendar:*,True,medium,False,True,True,live,verified_working
google_calendar,google_calendar.batch.events,inferred,requires_approval,True,True,google_calendar:write|google_calendar:*,True,high,True,True,True,live,verified_working
outlook,outlook.messages.list,inferred,executable,True,True,outlook:mail:read|outlook:*,True,low,False,True,True,none,implemented_unverified
outlook,outlook.messages.send,inferred,requires_approval,True,True,outlook:mail:send|outlook:*,True,high,True,True,True,live,verified_working
outlook,outlook.batch.send,inferred,requires_approval,True,True,outlook:mail:send|outlook:*,True,high,True,True,True,none,implemented_unverified
twilio,twilio.messages.list,inferred,executable,True,True,twilio:messages:read|twilio:*,True,low,False,True,True,none,implemented_unverified
twilio,twilio.calls.list,inferred,executable,True,True,twilio:calls:read|twilio:*,True,low,False,True,True,none,implemented_unverified
twilio,twilio.calls.get,inferred,executable,True,True,twilio:calls:read|twilio:*,True,low,False,True,True,none,implemented_unverified
twilio,twilio.messages.get,inferred,executable,True,True,twilio:messages:read|twilio:*,True,low,False,True,True,none,implemented_unverified
twilio,twilio.accounts.get,inferred,executable,True,True,twilio:accounts:read|twilio:*,True,low,False,True,True,none,implemented_unverified
twilio,twilio.messages.create,explicit,requires_approval,True,True,twilio:messages:write|twilio:*,True,high,True,True,True,none,implemented_unverified
twilio,twilio.calls.create,explicit,requires_approval,True,True,twilio:calls:write|twilio:*,True,high,True,True,True,none,implemented_unverified
twilio,twilio.verify.check,inferred,requires_approval,True,True,twilio:verify:write|twilio:*,True,high,True,True,True,none,implemented_unverified
twilio,twilio.conversations.create,inferred,requires_approval,True,True,twilio:conversations:write|twilio:*,True,high,True,True,True,none,implemented_unverified
twilio,twilio.studio.flows.execute,inferred,requires_approval,True,True,twilio:studio:write|twilio:*,True,high,True,True,True,none,implemented_unverified
vapi,vapi.calls.get,inferred,executable,True,True,vapi:calls:read|vapi:*,True,low,False,True,True,none,implemented_unverified
vapi,vapi.calls.list,inferred,executable,True,True,vapi:calls:read|vapi:*,True,low,False,True,True,none,implemented_unverified
vapi,vapi.calls.create,explicit,requires_approval,True,True,vapi:calls:write|vapi:*,True,high,True,True,True,none,implemented_unverified
vapi,vapi.calls.end,inferred,requires_approval,True,True,vapi:calls:write|vapi:*,True,high,True,True,True,none,implemented_unverified
sendgrid,sendgrid.messages.list,inferred,executable,True,True,sendgrid:messages:read|sendgrid:*,True,low,False,True,True,none,implemented_unverified
sendgrid,sendgrid.templates.list,inferred,executable,True,True,sendgrid:templates:read|sendgrid:*,True,low,False,True,True,none,implemented_unverified
sendgrid,sendgrid.stats.get,inferred,executable,True,True,sendgrid:stats:read|sendgrid:*,True,low,False,True,True,none,implemented_unverified
sendgrid,sendgrid.mail.send,inferred,requires_approval,True,True,sendgrid:mail:send|sendgrid:*,True,high,True,True,True,live,verified_working
sendgrid,sendgrid.contacts.upsert,inferred,requires_approval,True,True,sendgrid:contacts:write|sendgrid:*,True,high,True,True,True,none,implemented_unverified
sendgrid,sendgrid.campaigns.schedule,inferred,requires_approval,True,True,sendgrid:campaigns:write|sendgrid:*,True,high,True,True,True,none,implemented_unverified
sendgrid,sendgrid.suppressions.add,inferred,requires_approval,True,True,sendgrid:suppressions:write|sendgrid:*,True,high,True,True,True,none,implemented_unverified
sendgrid,sendgrid.batch.send,inferred,requires_approval,True,True,sendgrid:mail:send|sendgrid:*,True,high,True,True,True,none,implemented_unverified
email,email.messages.queue,inferred,executable,True,True,email:queue:read|email:*,True,low,False,True,True,live,verified_working
email,email.delivery.status,inferred,executable,True,True,email:delivery:read|email:*,True,low,False,True,True,live,verified_working
email,email.send,inferred,requires_approval,True,True,email:send|email:*,True,high,True,True,True,live,verified_working
email,email.send.template,inferred,requires_approval,True,True,email:send|email:*,True,high,True,True,True,live,verified_working
email,email.batch.send,inferred,requires_approval,True,True,email:send|email:*,True,high,True,True,True,live,verified_working
pagerduty,pagerduty.incidents.list,inferred,executable,True,True,pagerduty:incidents:read|pagerduty:*,True,low,False,True,True,live,verified_working
pagerduty,pagerduty.incidents.get,inferred,executable,True,True,pagerduty:incidents:read|pagerduty:*,True,low,False,True,True,live,verified_working
pagerduty,pagerduty.services.list,inferred,executable,True,True,pagerduty:services:read|pagerduty:*,True,low,False,True,True,live,verified_working
pagerduty,pagerduty.oncalls.list,inferred,executable,True,True,pagerduty:oncalls:read|pagerduty:*,True,low,False,True,True,live,verified_working
pagerduty,pagerduty.incidents.acknowledge,inferred,requires_approval,True,True,pagerduty:incidents:write|pagerduty:*,True,high,True,True,True,live,verified_working
pagerduty,pagerduty.incidents.resolve,inferred,requires_approval,True,True,pagerduty:incidents:write|pagerduty:*,True,high,True,True,True,live,verified_working
pagerduty,pagerduty.incidents.add_note,inferred,requires_approval,True,True,pagerduty:incidents:write|pagerduty:*,True,high,True,True,True,live,verified_working
pagerduty,pagerduty.incidents.escalate,inferred,requires_approval,True,True,pagerduty:incidents:write|pagerduty:*,True,high,True,True,True,live,verified_working
pagerduty,pagerduty.incidents.reassign,inferred,requires_approval,True,True,pagerduty:incidents:write|pagerduty:*,True,high,True,True,True,live,verified_working
pagerduty,pagerduty.incidents.notes.list,inferred,executable,True,True,pagerduty:incidents:read|pagerduty:*,True,medium,False,True,True,live,verified_working
github,github.pulls.list,inferred,executable,True,True,github:pulls:read|github:*,True,low,False,True,True,live,verified_working
github,github.issues.get,inferred,executable,True,True,github:issues:read|github:*,True,low,False,True,True,live,verified_working
github,github.issues.list,override,executable,True,True,github:issues:read|github:*,True,low,False,True,True,live,verified_working
github,github.repos.get,inferred,executable,True,True,github:repos:read|github:*,True,low,False,True,True,live,verified_working
github,github.actions.runs.list,inferred,executable,True,True,github:actions:read|github:*,True,low,False,True,True,live,verified_working
github,github.issues.create,inferred,requires_approval,True,True,github:issues:write|github:*,True,high,True,True,True,live,verified_working
github,github.issues.comment,inferred,requires_approval,True,True,github:issues:write|github:*,True,high,True,True,True,live,verified_working
github,github.issues.update,inferred,requires_approval,True,True,github:issues:write|github:*,True,high,True,True,True,live,verified_working
github,github.pulls.create,inferred,requires_approval,True,True,github:pulls:write|github:*,True,high,True,True,True,live,verified_working
github,github.pulls.request_reviewer,inferred,requires_approval,True,True,github:pulls:write|github:*,True,high,True,True,True,live,verified_working
github,github.actions.dispatch,inferred,requires_approval,True,True,github:actions:write|github:*,True,high,True,True,True,live,verified_working
github,github.pulls.merge,inferred,requires_approval,True,True,github:pulls:write|github:*,True,high,True,True,True,live,verified_working
github,github.releases.create,inferred,requires_approval,True,True,github:releases:write|github:*,True,high,True,True,True,live,verified_working
github,github.pulls.get,inferred,executable,True,True,github:pulls:read|github:*,True,medium,False,True,True,live,verified_working
github,github.pulls.close,inferred,requires_approval,True,True,github:pulls:write|github:*,True,high,True,True,True,live,verified_working
notion,notion.pages.get,inferred,executable,True,True,notion:pages:read|notion:*,True,low,False,True,True,none,implemented_unverified
notion,notion.databases.query,inferred,executable,True,True,notion:databases:read|notion:*,True,low,False,True,True,none,implemented_unverified
notion,notion.users.list,inferred,executable,True,True,notion:users:read|notion:*,True,low,False,True,True,none,implemented_unverified
notion,notion.search_files,inferred,executable,True,True,notion:pages:read|notion:*,True,low,False,True,True,live,verified_working
notion,notion.get_file_metadata,inferred,executable,True,True,notion:pages:read|notion:*,True,low,False,True,True,none,implemented_unverified
notion,notion.get_file_content,inferred,executable,True,True,notion:pages:read|notion:*,True,low,False,True,True,none,implemented_unverified
notion,notion.pages.create,inferred,requires_approval,True,True,notion:pages:write|notion:*,True,high,True,True,True,live,verified_working
notion,notion.pages.update,inferred,requires_approval,True,True,notion:pages:write|notion:*,True,high,True,True,True,none,implemented_unverified
notion,notion.blocks.append,inferred,requires_approval,True,True,notion:blocks:write|notion:*,True,high,True,True,True,none,implemented_unverified
notion,notion.databases.create,inferred,requires_approval,True,True,notion:databases:write|notion:*,True,high,True,True,True,none,implemented_unverified
notion,notion.search,inferred,executable,True,True,notion:search:read|notion:*,True,medium,False,True,True,none,implemented_unverified
notion,notion.comments.create,inferred,requires_approval,True,True,notion:comments:write|notion:*,True,high,True,True,True,none,implemented_unverified
confluence,confluence.pages.get,inferred,executable,True,True,confluence:pages:read|confluence:*,True,low,False,True,True,none,implemented_unverified
confluence,confluence.spaces.list,inferred,executable,True,True,confluence:spaces:read|confluence:*,True,low,False,True,True,none,implemented_unverified
confluence,confluence.pages.search,inferred,executable,True,True,confluence:pages:read|confluence:*,True,low,False,True,True,none,implemented_unverified
confluence,confluence.search_files,inferred,executable,True,True,confluence:pages:read|confluence:*,True,low,False,True,True,none,implemented_unverified
confluence,confluence.get_file_metadata,inferred,executable,True,True,confluence:pages:read|confluence:*,True,low,False,True,True,none,implemented_unverified
confluence,confluence.get_file_content,inferred,executable,True,True,confluence:pages:read|confluence:*,True,low,False,True,True,none,implemented_unverified
confluence,confluence.pages.create,inferred,requires_approval,True,True,confluence:pages:write|confluence:*,True,high,True,True,True,none,implemented_unverified
confluence,confluence.pages.update,inferred,requires_approval,True,True,confluence:pages:write|confluence:*,True,high,True,True,True,none,implemented_unverified
confluence,confluence.labels.add,inferred,requires_approval,True,True,confluence:labels:write|confluence:*,True,high,True,True,True,none,implemented_unverified
confluence,confluence.attachments.upload,inferred,requires_approval,True,True,confluence:attachments:write|confluence:*,True,high,True,True,True,none,implemented_unverified
confluence,confluence.pages.move,inferred,requires_approval,True,True,confluence:pages:write|confluence:*,True,high,True,True,True,none,implemented_unverified
confluence,confluence.export.pdf,inferred,executable,True,True,confluence:export:read|confluence:*,True,medium,False,True,True,none,implemented_unverified
jira,jira.issues.get,inferred,executable,True,True,jira:issues:read|jira:*,True,low,False,True,True,live,verified_working
jira,jira.issues.search,inferred,executable,True,True,jira:issues:read|jira:*,True,low,False,True,True,live,verified_working
jira,jira.projects.list,inferred,executable,True,True,jira:projects:read|jira:*,True,low,False,True,True,live,verified_working
jira,jira.users.search,inferred,executable,True,True,jira:users:read|jira:*,True,low,False,True,True,live,verified_working
jira,jira.issues.create,inferred,requires_approval,True,True,jira:issues:write|jira:*,True,high,True,True,True,live,verified_working
jira,jira.issues.update,inferred,requires_approval,True,True,jira:issues:write|jira:*,True,high,True,True,True,live,verified_working
jira,jira.issues.comment,inferred,requires_approval,True,True,jira:issues:write|jira:*,True,high,True,True,True,live,verified_working
jira,jira.issues.transition,inferred,requires_approval,True,True,jira:issues:write|jira:*,True,high,True,True,True,live,verified_working
jira,jira.issues.assign,inferred,requires_approval,True,True,jira:issues:write|jira:*,True,high,True,True,True,live,verified_working
jira,jira.issues.transitions.list,inferred,executable,True,True,jira:issues:read|jira:*,True,medium,False,True,True,live,verified_working
airtable,airtable.bases.list,inferred,executable,True,True,airtable:bases:read|airtable:*,True,low,False,True,True,none,implemented_unverified
airtable,airtable.records.list,inferred,executable,True,True,airtable:records:read|airtable:*,True,low,False,True,True,none,implemented_unverified
airtable,airtable.records.get,inferred,executable,True,True,airtable:records:read|airtable:*,True,low,False,True,True,none,implemented_unverified
airtable,airtable.records.create,inferred,requires_approval,True,True,airtable:records:write|airtable:*,True,high,True,True,True,live,verified_working
airtable,airtable.records.update,inferred,requires_approval,True,True,airtable:records:write|airtable:*,True,high,True,True,True,none,implemented_unverified
airtable,airtable.records.delete,inferred,requires_approval,True,True,airtable:records:write|airtable:*,True,high,True,True,True,none,implemented_unverified
airtable,airtable.webhooks.create,inferred,requires_approval,True,True,airtable:webhooks:write|airtable:*,True,high,True,True,True,none,implemented_unverified
airtable,airtable.batch.records,inferred,requires_approval,True,True,airtable:records:write|airtable:*,True,high,True,True,True,none,implemented_unverified
asana,asana.tasks.get,inferred,executable,True,True,asana:tasks:read|asana:*,True,low,False,True,True,live,verified_working
asana,asana.projects.list,inferred,executable,True,True,asana:projects:read|asana:*,True,low,False,True,True,live,verified_working
asana,asana.users.list,inferred,executable,True,True,asana:users:read|asana:*,True,low,False,True,True,live,verified_working
asana,asana.tasks.create,inferred,requires_approval,True,True,asana:tasks:write|asana:*,True,high,True,True,True,live,verified_working
asana,asana.tasks.update,inferred,requires_approval,True,True,asana:tasks:write|asana:*,True,high,True,True,True,live,verified_working
asana,asana.stories.create,inferred,requires_approval,True,True,asana:stories:write|asana:*,True,high,True,True,True,live,verified_working
asana,asana.tasks.add_project,inferred,requires_approval,True,True,asana:tasks:write|asana:*,True,high,True,True,True,live,verified_working
asana,asana.sections.move,inferred,requires_approval,True,True,asana:sections:write|asana:*,True,high,True,True,True,live,verified_working
asana,asana.batch.tasks,inferred,requires_approval,True,True,asana:tasks:write|asana:*,True,high,True,True,True,live,verified_working
asana,asana.tasks.delete,inferred,requires_approval,True,True,asana:tasks:write|asana:*,True,high,True,True,True,live,verified_working
asana,asana.workspaces.list,inferred,executable,True,True,asana:workspaces:read|asana:*,True,medium,False,True,True,live,verified_working
asana,asana.tasks.search,inferred,executable,True,True,asana:tasks:read|asana:*,True,medium,False,True,True,live,verified_working
monday,monday.boards.list,inferred,executable,True,True,monday:boards:read|monday:*,True,low,False,True,True,live,verified_working
monday,monday.items.get,inferred,executable,True,True,monday:items:read|monday:*,True,low,False,True,True,live,verified_working
monday,monday.users.list,inferred,executable,True,True,monday:users:read|monday:*,True,low,False,True,True,live,verified_working
monday,monday.items.create,inferred,requires_approval,True,True,monday:items:write|monday:*,True,high,True,True,True,live,verified_working
monday,monday.items.update,inferred,requires_approval,True,True,monday:items:write|monday:*,True,high,True,True,True,live,verified_working
monday,monday.automations.trigger,inferred,requires_approval,True,True,monday:automations:write|monday:*,True,high,True,True,True,live,verified_working
monday,monday.updates.create,inferred,requires_approval,True,True,monday:updates:write|monday:*,True,high,True,True,True,live,verified_working
monday,monday.batch.items,inferred,requires_approval,True,True,monday:items:write|monday:*,True,high,True,True,True,live,verified_working
monday,monday.items.delete,inferred,requires_approval,True,True,monday:items:write|monday:*,True,high,True,True,True,live,verified_working
monday,monday.boards.get,inferred,executable,True,True,monday:boards:read|monday:*,True,medium,False,True,True,live,verified_working
monday,monday.workspaces.list,inferred,executable,True,True,monday:workspaces:read|monday:*,True,medium,False,True,True,live,verified_working
clickup,clickup.tasks.get,inferred,executable,True,True,clickup:tasks:read|clickup:*,True,low,False,True,True,live,verified_working
clickup,clickup.tasks.list,override,executable,True,True,clickup:tasks:read|clickup:*,True,low,False,True,True,live,verified_working
clickup,clickup.lists.get,inferred,executable,True,True,clickup:lists:read|clickup:*,True,low,False,True,True,live,verified_working
clickup,clickup.spaces.list,inferred,executable,True,True,clickup:spaces:read|clickup:*,True,low,False,True,True,live,verified_working
clickup,clickup.tasks.create,inferred,requires_approval,True,True,clickup:tasks:write|clickup:*,True,high,True,True,True,live,verified_working
clickup,clickup.tasks.update,inferred,requires_approval,True,True,clickup:tasks:write|clickup:*,True,high,True,True,True,live,verified_working
clickup,clickup.comments.create,inferred,requires_approval,True,True,clickup:comments:write|clickup:*,True,high,True,True,True,live,verified_working
clickup,clickup.time_entries.create,inferred,requires_approval,True,True,clickup:time:write|clickup:*,True,high,True,True,True,live,verified_working
clickup,clickup.goals.update,inferred,requires_approval,True,True,clickup:goals:write|clickup:*,True,high,True,True,True,live,verified_working
clickup,clickup.webhooks.create,inferred,requires_approval,True,True,clickup:webhooks:write|clickup:*,True,high,True,True,True,live,verified_working
clickup,clickup.tasks.delete,inferred,requires_approval,True,True,clickup:tasks:write|clickup:*,True,high,True,True,True,live,verified_working
clickup,clickup.tasks.bulk_update,inferred,requires_approval,True,True,clickup:tasks:write|clickup:*,True,high,True,True,True,live,verified_working
clickup,clickup.members.list,inferred,executable,True,True,clickup:members:read|clickup:*,True,medium,False,True,True,live,verified_working
zapier,zapier.zaps.list,inferred,executable,True,True,zapier:zaps:read|zapier:*,True,low,False,True,True,none,implemented_unverified
zapier,zapier.actions.list,inferred,executable,True,True,zapier:actions:read|zapier:*,True,low,False,True,True,none,implemented_unverified
zapier,zapier.runs.list,inferred,executable,True,True,zapier:runs:read|zapier:*,True,low,False,True,True,none,implemented_unverified
zapier,zapier.zaps.enable,inferred,requires_approval,True,True,zapier:zaps:write|zapier:*,True,high,True,True,True,none,implemented_unverified
zapier,zapier.hooks.trigger,inferred,requires_approval,True,True,zapier:hooks:write|zapier:*,True,high,True,True,True,live,verified_working
zapier,zapier.tables.rows.upsert,inferred,requires_approval,True,True,zapier:tables:write|zapier:*,True,high,True,True,True,none,implemented_unverified
zapier,zapier.batch.trigger,inferred,requires_approval,True,True,zapier:hooks:write|zapier:*,True,high,True,True,True,none,implemented_unverified
zapier,zapier.interfaces.submit,inferred,requires_approval,True,True,zapier:interfaces:write|zapier:*,True,high,True,True,True,none,implemented_unverified
n8n,n8n.workflows.list,inferred,executable,True,True,n8n:workflows:read|n8n:*,True,low,False,True,True,none,implemented_unverified
n8n,n8n.executions.list,inferred,executable,True,True,n8n:executions:read|n8n:*,True,low,False,True,True,none,implemented_unverified
n8n,n8n.credentials.list,inferred,executable,True,True,n8n:credentials:read|n8n:*,True,low,False,True,True,none,implemented_unverified
n8n,n8n.workflows.create,inferred,requires_approval,True,True,n8n:workflows:write|n8n:*,True,high,True,True,True,none,implemented_unverified
n8n,n8n.workflows.activate,inferred,requires_approval,True,True,n8n:workflows:write|n8n:*,True,high,True,True,True,none,implemented_unverified
n8n,n8n.executions.retry,inferred,requires_approval,True,True,n8n:executions:write|n8n:*,True,high,True,True,True,none,implemented_unverified
n8n,n8n.webhooks.trigger,inferred,requires_approval,True,True,n8n:webhooks:write|n8n:*,True,high,True,True,True,none,implemented_unverified
n8n,n8n.batch.executions,inferred,requires_approval,True,True,n8n:executions:write|n8n:*,True,high,True,True,True,none,implemented_unverified
motion,motion.tasks.list,inferred,executable,True,True,motion:tasks:read|motion:*,True,low,False,True,True,mock,verified_working
motion,motion.projects.list,inferred,executable,True,True,motion:projects:read|motion:*,True,low,False,True,True,mock,verified_working
motion,motion.schedules.get,inferred,executable,True,True,motion:schedules:read|motion:*,True,low,False,True,True,mock,verified_working
motion,motion.tasks.create,inferred,requires_approval,True,True,motion:tasks:write|motion:*,True,high,True,True,True,mock,verified_working
motion,motion.tasks.update,inferred,requires_approval,True,True,motion:tasks:write|motion:*,True,high,True,True,True,mock,verified_working
motion,motion.calendar.optimize,inferred,requires_approval,True,True,motion:calendar:write|motion:*,True,high,True,True,True,mock,verified_working
motion,motion.batch.reschedule,inferred,requires_approval,True,True,motion:tasks:write|motion:*,True,high,True,True,True,mock,verified_working
motion,motion.focus.block,inferred,requires_approval,True,True,motion:calendar:write|motion:*,True,high,True,True,True,mock,verified_working
odoo,odoo.partners.get,inferred,executable,True,True,odoo:partners:read|odoo:*,True,low,False,True,True,mock,verified_working
odoo,odoo.sales.orders.list,inferred,executable,True,True,odoo:sales:read|odoo:*,True,low,False,True,True,mock,verified_working
odoo,odoo.inventory.products.list,inferred,executable,True,True,odoo:inventory:read|odoo:*,True,low,False,True,True,mock,verified_working
odoo,odoo.partners.create,inferred,requires_approval,True,True,odoo:partners:write|odoo:*,True,high,True,True,True,mock,verified_working
odoo,odoo.sales.orders.create,inferred,requires_approval,True,True,odoo:sales:write|odoo:*,True,high,True,True,True,mock,verified_working
odoo,odoo.invoices.create,inferred,requires_approval,True,True,odoo:invoices:write|odoo:*,True,high,True,True,True,mock,verified_working
odoo,odoo.manufacturing.orders.create,inferred,requires_approval,True,True,odoo:manufacturing:write|odoo:*,True,high,True,True,True,mock,verified_working
odoo,odoo.crm.leads.convert,inferred,requires_approval,True,True,odoo:crm:write|odoo:*,True,high,True,True,True,mock,verified_working
odoo,odoo.batch.partners,inferred,requires_approval,True,True,odoo:partners:write|odoo:*,True,high,True,True,True,mock,verified_working
odoo,odoo.partners.update,inferred,requires_approval,True,True,odoo:partners:write|odoo:*,True,high,True,True,True,mock,verified_working
odoo,odoo.sales.orders.confirm,inferred,requires_approval,True,True,odoo:sales:write|odoo:*,True,high,True,True,True,mock,verified_working
odoo,odoo.invoices.post,inferred,requires_approval,True,True,odoo:invoices:write|odoo:*,True,high,True,True,True,mock,verified_working
zendesk,zendesk.tickets.get,inferred,executable,True,True,zendesk:tickets:read|zendesk:*,True,low,False,True,True,live,verified_working
zendesk,zendesk.tickets.list,inferred,executable,True,True,zendesk:tickets:read|zendesk:*,True,low,False,True,True,live,verified_working
zendesk,zendesk.users.get,inferred,executable,True,True,zendesk:users:read|zendesk:*,True,low,False,True,True,live,verified_working
zendesk,zendesk.tickets.create,inferred,requires_approval,True,True,zendesk:tickets:write|zendesk:*,True,high,True,True,True,live,verified_working
zendesk,zendesk.tickets.update,inferred,requires_approval,True,True,zendesk:tickets:write|zendesk:*,True,high,True,True,True,live,verified_working
zendesk,zendesk.tickets.close,inferred,requires_approval,True,True,zendesk:tickets:write|zendesk:*,True,high,True,True,True,live,verified_working
zendesk,zendesk.tickets.add_tags,inferred,requires_approval,True,True,zendesk:tickets:write|zendesk:*,True,high,True,True,True,live,verified_working
zendesk,zendesk.tickets.merge,inferred,requires_approval,True,True,zendesk:tickets:write|zendesk:*,True,high,True,True,True,live,verified_working
zendesk,zendesk.macros.apply,inferred,requires_approval,True,True,zendesk:macros:write|zendesk:*,True,high,True,True,True,live,verified_working
zendesk,zendesk.side_conversations.create,inferred,requires_approval,True,True,zendesk:tickets:write|zendesk:*,True,high,True,True,True,live,verified_working
intercom,intercom.contacts.get,inferred,executable,True,True,intercom:contacts:read|intercom:*,True,low,False,True,True,live,verified_working
intercom,intercom.conversations.list,inferred,executable,True,True,intercom:conversations:read|intercom:*,True,low,False,True,True,live,verified_working
intercom,intercom.tickets.list,inferred,executable,True,True,intercom:tickets:read|intercom:*,True,low,False,True,True,live,verified_working
intercom,intercom.contacts.create,inferred,requires_approval,True,True,intercom:contacts:write|intercom:*,True,high,True,True,True,live,verified_working
intercom,intercom.conversations.reply,inferred,requires_approval,True,True,intercom:conversations:write|intercom:*,True,high,True,True,True,live,verified_working
intercom,intercom.tickets.create,inferred,requires_approval,True,True,intercom:tickets:write|intercom:*,True,high,True,True,True,live,verified_working
intercom,intercom.tags.apply,inferred,requires_approval,True,True,intercom:tags:write|intercom:*,True,high,True,True,True,live,verified_working
intercom,intercom.series.trigger,inferred,requires_approval,True,True,intercom:series:write|intercom:*,True,high,True,True,True,live,verified_working
intercom,intercom.notes.create,inferred,requires_approval,True,True,intercom:notes:write|intercom:*,True,high,True,True,True,live,verified_working
intercom,intercom.contacts.search,inferred,executable,True,True,intercom:contacts:read|intercom:*,True,medium,False,True,True,live,verified_working
intercom,intercom.companies.list,inferred,executable,True,True,intercom:companies:read|intercom:*,True,medium,False,True,True,live,verified_working
intercom,intercom.contacts.delete,inferred,requires_approval,True,True,intercom:contacts:write|intercom:*,True,high,True,True,True,live,verified_working
freshdesk,freshdesk.tickets.get,inferred,executable,True,True,freshdesk:tickets:read|freshdesk:*,True,low,False,True,True,none,implemented_unverified
freshdesk,freshdesk.tickets.list,inferred,executable,True,True,freshdesk:tickets:read|freshdesk:*,True,low,False,True,True,none,implemented_unverified
freshdesk,freshdesk.contacts.get,inferred,executable,True,True,freshdesk:contacts:read|freshdesk:*,True,low,False,True,True,none,implemented_unverified
freshdesk,freshdesk.tickets.create,inferred,requires_approval,True,True,freshdesk:tickets:write|freshdesk:*,True,high,True,True,True,none,implemented_unverified
freshdesk,freshdesk.tickets.update,inferred,requires_approval,True,True,freshdesk:tickets:write|freshdesk:*,True,high,True,True,True,none,implemented_unverified
freshdesk,freshdesk.notes.create,inferred,requires_approval,True,True,freshdesk:notes:write|freshdesk:*,True,high,True,True,True,none,implemented_unverified
freshdesk,freshdesk.tickets.merge,inferred,requires_approval,True,True,freshdesk:tickets:write|freshdesk:*,True,high,True,True,True,none,implemented_unverified
freshdesk,freshdesk.automations.trigger,inferred,requires_approval,True,True,freshdesk:automations:write|freshdesk:*,True,high,True,True,True,none,implemented_unverified
freshdesk,freshdesk.satisfaction.send,inferred,requires_approval,True,True,freshdesk:satisfaction:write|freshdesk:*,True,high,True,True,True,none,implemented_unverified
gorgias,gorgias.tickets.get,inferred,executable,True,True,gorgias:tickets:read|gorgias:*,True,low,False,True,True,none,implemented_unverified
gorgias,gorgias.tickets.list,inferred,executable,True,True,gorgias:tickets:read|gorgias:*,True,low,False,True,True,none,implemented_unverified
gorgias,gorgias.customers.get,inferred,executable,True,True,gorgias:customers:read|gorgias:*,True,low,False,True,True,none,implemented_unverified
gorgias,gorgias.tickets.create,inferred,requires_approval,True,True,gorgias:tickets:write|gorgias:*,True,high,True,True,True,none,implemented_unverified
gorgias,gorgias.tickets.reply,inferred,requires_approval,True,True,gorgias:tickets:write|gorgias:*,True,high,True,True,True,none,implemented_unverified
gorgias,gorgias.macros.apply,inferred,requires_approval,True,True,gorgias:macros:write|gorgias:*,True,high,True,True,True,none,implemented_unverified
gorgias,gorgias.rules.trigger,inferred,requires_approval,True,True,gorgias:rules:write|gorgias:*,True,high,True,True,True,none,implemented_unverified
gorgias,gorgias.tags.apply,inferred,requires_approval,True,True,gorgias:tags:write|gorgias:*,True,high,True,True,True,none,implemented_unverified
gorgias,gorgias.satisfaction.request,inferred,requires_approval,True,True,gorgias:satisfaction:write|gorgias:*,True,high,True,True,True,none,implemented_unverified
workday,workday.workers.get,inferred,executable,True,True,workday:workers:read|workday:*,True,low,False,True,True,live,verified_working
workday,workday.orgunits.list,inferred,executable,True,True,workday:orgunits:read|workday:*,True,low,False,True,True,live,verified_working
workday,workday.positions.list,inferred,executable,True,True,workday:positions:read|workday:*,True,low,False,True,True,live,verified_working
workday,workday.timeoff.request,inferred,requires_approval,True,True,workday:timeoff:write|workday:*,True,high,True,True,True,live,verified_working
workday,workday.jobs.update,inferred,requires_approval,True,True,workday:jobs:write|workday:*,True,high,True,True,True,live,verified_working
workday,workday.timeoff.balance.get,inferred,executable,True,True,workday:timeoff:read|workday:*,True,medium,False,True,True,live,verified_working
workday,workday.learning.enroll,inferred,requires_approval,True,True,workday:learning:write|workday:*,True,high,True,True,True,live,verified_working
workday,workday.batch.workers.export,inferred,executable,True,True,workday:workers:read|workday:*,True,medium,False,True,True,live,verified_working
bamboohr,bamboohr.employees.get,inferred,executable,True,True,bamboohr:employees:read|bamboohr:*,True,low,False,True,True,none,implemented_unverified
bamboohr,bamboohr.employees.list,inferred,executable,True,True,bamboohr:employees:read|bamboohr:*,True,low,False,True,True,live,verified_working
bamboohr,bamboohr.timeoff.requests.list,inferred,executable,True,True,bamboohr:timeoff:read|bamboohr:*,True,low,False,True,True,none,implemented_unverified
bamboohr,bamboohr.employees.create,inferred,requires_approval,True,True,bamboohr:employees:write|bamboohr:*,True,high,True,True,True,live,verified_working
bamboohr,bamboohr.timeoff.requests.create,inferred,requires_approval,True,True,bamboohr:timeoff:write|bamboohr:*,True,high,True,True,True,none,implemented_unverified
bamboohr,bamboohr.onboarding.tasks.assign,inferred,requires_approval,True,True,bamboohr:onboarding:write|bamboohr:*,True,high,True,True,True,none,implemented_unverified
bamboohr,bamboohr.reports.run,inferred,executable,True,True,bamboohr:reports:read|bamboohr:*,True,medium,False,True,True,none,implemented_unverified
bamboohr,bamboohr.webhooks.create,inferred,requires_approval,True,True,bamboohr:webhooks:write|bamboohr:*,True,high,True,True,True,none,implemented_unverified
greenhouse,greenhouse.candidates.get,inferred,executable,True,True,greenhouse:candidates:read|greenhouse:*,True,low,False,True,True,none,implemented_unverified
greenhouse,greenhouse.applications.list,inferred,executable,True,True,greenhouse:applications:read|greenhouse:*,True,low,False,True,True,none,implemented_unverified
greenhouse,greenhouse.jobs.list,inferred,executable,True,True,greenhouse:jobs:read|greenhouse:*,True,low,False,True,True,live,verified_working
greenhouse,greenhouse.candidates.create,inferred,requires_approval,True,True,greenhouse:candidates:write|greenhouse:*,True,high,True,True,True,none,implemented_unverified
greenhouse,greenhouse.offers.create,inferred,requires_approval,True,True,greenhouse:offers:write|greenhouse:*,True,high,True,True,True,none,implemented_unverified
gusto,gusto.employees.get,inferred,executable,True,True,gusto:employees:read|gusto:*,True,low,False,True,True,none,implemented_unverified
gusto,gusto.payrolls.list,inferred,executable,True,True,gusto:payrolls:read|gusto:*,True,low,False,True,True,none,implemented_unverified
gusto,gusto.companies.get,inferred,executable,True,True,gusto:companies:read|gusto:*,True,low,False,True,True,live,verified_working
gusto,gusto.employees.create,inferred,requires_approval,True,True,gusto:employees:write|gusto:*,True,high,True,True,True,none,implemented_unverified
gusto,gusto.payrolls.run,inferred,requires_approval,True,True,gusto:payrolls:write|gusto:*,True,high,True,True,True,none,implemented_unverified
gusto,gusto.benefits.enroll,inferred,requires_approval,True,True,gusto:benefits:write|gusto:*,True,high,True,True,True,none,implemented_unverified
gusto,gusto.contractors.pay,inferred,requires_approval,True,True,gusto:contractors:write|gusto:*,True,high,True,True,True,none,implemented_unverified
gusto,gusto.reports.generate,inferred,executable,True,True,gusto:reports:read|gusto:*,True,medium,False,True,True,none,implemented_unverified
adp,adp.workers.get,inferred,executable,True,True,adp:workers:read|adp:*,True,low,False,True,True,mock,verified_working
adp,adp.paystatements.list,inferred,executable,True,True,adp:pay:read|adp:*,True,low,False,True,True,mock,verified_working
adp,adp.events.list,inferred,executable,True,True,adp:events:read|adp:*,True,low,False,True,True,mock,verified_working
adp,adp.timecards.submit,inferred,requires_approval,True,True,adp:time:write|adp:*,True,high,True,True,True,mock,verified_working
adp,adp.profile.update,inferred,requires_approval,True,True,adp:workers:write|adp:*,True,high,True,True,True,mock,verified_working
adp,adp.payroll.preview,inferred,requires_approval,True,True,adp:pay:write|adp:*,True,high,True,True,True,mock,verified_working
adp,adp.benefits.elect,inferred,requires_approval,True,True,adp:benefits:write|adp:*,True,high,True,True,True,mock,verified_working
adp,adp.batch.workers.sync,inferred,executable,True,True,adp:workers:read|adp:*,True,medium,False,True,True,mock,verified_working
aws_s3,aws_s3.buckets.list,inferred,executable,True,True,aws_s3:buckets:read|aws_s3:*,True,low,False,True,True,none,implemented_unverified
aws_s3,aws_s3.objects.list,inferred,executable,True,True,aws_s3:objects:read|aws_s3:*,True,low,False,True,True,none,implemented_unverified
aws_s3,aws_s3.objects.head,inferred,executable,True,True,aws_s3:objects:read|aws_s3:*,True,low,False,True,True,none,implemented_unverified
aws_s3,aws_s3.objects.put,inferred,requires_approval,True,True,aws_s3:objects:write|aws_s3:*,True,high,True,True,True,none,implemented_unverified
aws_s3,aws_s3.objects.delete,inferred,requires_approval,True,True,aws_s3:objects:write|aws_s3:*,True,high,True,True,True,none,implemented_unverified
aws_s3,aws_s3.presigned.get,inferred,executable,True,True,aws_s3:objects:read|aws_s3:*,True,medium,False,True,True,none,implemented_unverified
aws_s3,aws_s3.multipart.upload,inferred,requires_approval,True,True,aws_s3:objects:write|aws_s3:*,True,high,True,True,True,none,implemented_unverified
aws_s3,aws_s3.batch.delete,inferred,requires_approval,True,True,aws_s3:objects:write|aws_s3:*,True,high,True,True,True,none,implemented_unverified
postgresql,postgresql.query.select,inferred,executable,True,True,postgresql:query:read|postgresql:*,True,low,False,True,True,none,implemented_unverified
postgresql,postgresql.tables.list,inferred,executable,True,True,postgresql:schema:read|postgresql:*,True,low,False,True,True,none,implemented_unverified
postgresql,postgresql.schemas.list,inferred,executable,True,True,postgresql:schema:read|postgresql:*,True,low,False,True,True,none,implemented_unverified
postgresql,postgresql.query.insert,inferred,requires_approval,True,True,postgresql:query:write|postgresql:*,True,high,True,True,True,none,implemented_unverified
postgresql,postgresql.query.update,inferred,requires_approval,True,True,postgresql:query:write|postgresql:*,True,high,True,True,True,live,verified_working
postgresql,postgresql.query.explain,inferred,executable,True,True,postgresql:query:read|postgresql:*,True,medium,False,True,True,none,implemented_unverified
postgresql,postgresql.batch.upsert,inferred,requires_approval,True,True,postgresql:query:write|postgresql:*,True,high,True,True,True,none,implemented_unverified
postgresql,postgresql.migrations.apply,inferred,requires_approval,True,True,postgresql:schema:write|postgresql:*,True,high,True,True,True,none,implemented_unverified
mongodb,mongodb.collections.list,inferred,executable,True,True,mongodb:collections:read|mongodb:*,True,low,False,True,True,none,implemented_unverified
mongodb,mongodb.documents.find,inferred,executable,True,True,mongodb:documents:read|mongodb:*,True,low,False,True,True,none,implemented_unverified
mongodb,mongodb.indexes.list,inferred,executable,True,True,mongodb:indexes:read|mongodb:*,True,low,False,True,True,none,implemented_unverified
mongodb,mongodb.documents.insert,inferred,requires_approval,True,True,mongodb:documents:write|mongodb:*,True,high,True,True,True,live,verified_working
mongodb,mongodb.documents.update,inferred,requires_approval,True,True,mongodb:documents:write|mongodb:*,True,high,True,True,True,none,implemented_unverified
mongodb,mongodb.aggregation.run,inferred,executable,True,True,mongodb:documents:read|mongodb:*,True,medium,False,True,True,none,implemented_unverified
mongodb,mongodb.change_streams.watch,inferred,executable,True,True,mongodb:streams:read|mongodb:*,True,medium,False,True,True,none,implemented_unverified
mongodb,mongodb.batch.bulk_write,inferred,requires_approval,True,True,mongodb:documents:write|mongodb:*,True,high,True,True,True,none,implemented_unverified
snowflake,snowflake.query.execute,inferred,executable,True,True,snowflake:query:read|snowflake:*,True,low,False,True,True,live,verified_working
snowflake,snowflake.warehouses.list,inferred,executable,True,True,snowflake:warehouses:read|snowflake:*,True,low,False,True,True,live,verified_working
snowflake,snowflake.tables.describe,inferred,executable,True,True,snowflake:schema:read|snowflake:*,True,low,False,True,True,live,verified_working
snowflake,snowflake.query.insert,inferred,requires_approval,True,True,snowflake:query:write|snowflake:*,True,high,True,True,True,live,verified_working
snowflake,snowflake.stages.put,inferred,requires_approval,True,True,snowflake:stages:write|snowflake:*,True,high,True,True,True,live,verified_working
snowflake,snowflake.tasks.run,inferred,requires_approval,True,True,snowflake:tasks:write|snowflake:*,True,high,True,True,True,live,verified_working
snowflake,snowflake.pipes.refresh,inferred,requires_approval,True,True,snowflake:pipes:write|snowflake:*,True,high,True,True,True,live,verified_working
snowflake,snowflake.batch.copy,inferred,requires_approval,True,True,snowflake:load:write|snowflake:*,True,high,True,True,True,live,verified_working
google_drive,google_drive.files.list,override,executable,True,True,google_drive:read|google_drive:*,True,low,False,True,True,live,verified_working
google_drive,google_drive.files.get,inferred,executable,True,True,google_drive:read|google_drive:*,True,low,False,True,True,none,implemented_unverified
google_drive,google_drive.search_files,inferred,executable,True,True,google_drive:read|google_drive:*,True,low,False,True,True,live,verified_working
google_drive,google_drive.get_file_metadata,inferred,executable,True,True,google_drive:read|google_drive:*,True,low,False,True,True,none,implemented_unverified
google_drive,google_drive.get_file_content,inferred,executable,True,True,google_drive:read|google_drive:*,True,low,False,True,True,none,implemented_unverified
google_drive,google_drive.permissions.list,inferred,executable,True,True,google_drive:read|google_drive:*,True,low,False,True,True,none,implemented_unverified
google_drive,google_drive.files.create,inferred,requires_approval,True,True,google_drive:write|google_drive:*,True,high,True,True,True,none,implemented_unverified
google_drive,google_drive.files.update,inferred,requires_approval,True,True,google_drive:write|google_drive:*,True,high,True,True,True,none,implemented_unverified
google_drive,google_drive.permissions.create,inferred,requires_approval,True,True,google_drive:write|google_drive:*,True,high,True,True,True,live,verified_working
google_drive,google_drive.files.export,inferred,executable,True,True,google_drive:read|google_drive:*,True,medium,False,True,True,none,implemented_unverified
google_drive,google_drive.changes.list,inferred,executable,True,True,google_drive:read|google_drive:*,True,medium,False,True,True,none,implemented_unverified
google_drive,google_drive.batch.permissions,inferred,requires_approval,True,True,google_drive:write|google_drive:*,True,high,True,True,True,none,implemented_unverified
google_docs,google_docs.documents.get,inferred,executable,True,True,google_docs:read|google_docs:*,True,low,False,True,True,none,implemented_unverified
google_docs,google_docs.documents.batch_get,inferred,executable,True,True,google_docs:read|google_docs:*,True,low,False,True,True,none,implemented_unverified
google_docs,google_docs.documents.create,inferred,requires_approval,True,True,google_docs:write|google_docs:*,True,high,True,True,True,none,implemented_unverified
google_docs,google_docs.documents.batch_update,inferred,requires_approval,True,True,google_docs:write|google_docs:*,True,high,True,True,True,none,implemented_unverified
google_docs,google_docs.documents.replace_text,inferred,requires_approval,True,True,google_docs:write|google_docs:*,True,high,True,True,True,none,implemented_unverified
google_docs,google_docs.documents.insert_table,inferred,requires_approval,True,True,google_docs:write|google_docs:*,True,high,True,True,True,none,implemented_unverified
google_docs,google_docs.export.pdf,inferred,executable,True,True,google_docs:read|google_docs:*,True,medium,False,True,True,none,implemented_unverified
google_sheets,google_sheets.spreadsheets.get,inferred,executable,True,True,google_sheets:read|google_sheets:*,True,low,False,True,True,none,implemented_unverified
google_sheets,google_sheets.values.get,inferred,executable,True,True,google_sheets:read|google_sheets:*,True,low,False,True,True,none,implemented_unverified
google_sheets,google_sheets.values.batch_get,inferred,executable,True,True,google_sheets:read|google_sheets:*,True,low,False,True,True,none,implemented_unverified
google_sheets,google_sheets.values.update,inferred,requires_approval,True,True,google_sheets:write|google_sheets:*,True,high,True,True,True,live,verified_working
google_sheets,google_sheets.values.append,inferred,requires_approval,True,True,google_sheets:write|google_sheets:*,True,high,True,True,True,none,implemented_unverified
google_sheets,google_sheets.spreadsheets.create,inferred,requires_approval,True,True,google_sheets:write|google_sheets:*,True,high,True,True,True,none,implemented_unverified
google_sheets,google_sheets.values.batch_update,inferred,requires_approval,True,True,google_sheets:write|google_sheets:*,True,high,True,True,True,none,implemented_unverified
google_sheets,google_sheets.charts.add,inferred,requires_approval,True,True,google_sheets:write|google_sheets:*,True,high,True,True,True,none,implemented_unverified
google_sheets,google_sheets.pivot.create,inferred,requires_approval,True,True,google_sheets:write|google_sheets:*,True,high,True,True,True,none,implemented_unverified
absorb_lms,absorb_lms.courses.list,inferred,executable,True,True,absorb_lms:courses:read|absorb_lms:*,True,low,False,True,True,none,implemented_unverified
absorb_lms,absorb_lms.enrollments.list,inferred,executable,True,True,absorb_lms:enrollments:read|absorb_lms:*,True,low,False,True,True,none,implemented_unverified
absorb_lms,absorb_lms.users.get,inferred,executable,True,True,absorb_lms:users:read|absorb_lms:*,True,low,False,True,True,none,implemented_unverified
absorb_lms,absorb_lms.enrollments.create,inferred,requires_approval,True,True,absorb_lms:enrollments:write|absorb_lms:*,True,high,True,True,True,none,implemented_unverified
absorb_lms,absorb_lms.courses.create,inferred,requires_approval,True,True,absorb_lms:courses:write|absorb_lms:*,True,high,True,True,True,none,implemented_unverified
absorb_lms,absorb_lms.certificates.issue,inferred,requires_approval,True,True,absorb_lms:certificates:write|absorb_lms:*,True,high,True,True,True,none,implemented_unverified
absorb_lms,absorb_lms.reports.completion,inferred,executable,True,True,absorb_lms:reports:read|absorb_lms:*,True,medium,False,True,True,none,implemented_unverified
absorb_lms,absorb_lms.batch.enroll,inferred,requires_approval,True,True,absorb_lms:enrollments:write|absorb_lms:*,True,high,True,True,True,none,implemented_unverified
canva,canva.designs.list,inferred,executable,True,True,canva:designs:read|canva:*,True,low,False,True,True,live,verified_working
canva,canva.designs.get,inferred,executable,True,True,canva:designs:read|canva:*,True,low,False,True,True,live,verified_working
canva,canva.folders.list,inferred,executable,True,True,canva:folders:read|canva:*,True,low,False,True,True,live,verified_working
canva,canva.designs.create,inferred,requires_approval,True,True,canva:designs:write|canva:*,True,high,True,True,True,live,verified_working
canva,canva.exports.create,inferred,requires_approval,True,True,canva:exports:write|canva:*,True,high,True,True,True,mock,verified_working
canva,canva.autofill.create,inferred,requires_approval,True,True,canva:autofill:write|canva:*,True,high,True,True,True,live,verified_working
canva,canva.brand.templates.list,inferred,executable,True,True,canva:brand:read|canva:*,True,medium,False,True,True,live,verified_working
canva,canva.batch.exports,inferred,requires_approval,True,True,canva:exports:write|canva:*,True,high,True,True,True,live,verified_working
canva,canva.exports.get,inferred,executable,True,True,canva:exports:read|canva:*,True,medium,False,True,True,live,verified_working
canva,canva.brand.templates.get,inferred,executable,True,True,canva:brand:read|canva:*,True,medium,False,True,True,live,verified_working
canva,canva.designs.delete,inferred,requires_approval,True,True,canva:designs:write|canva:*,True,high,True,True,True,live,verified_working
figma,figma.files.get,inferred,executable,True,True,figma:files:read|figma:*,True,low,False,True,True,live,verified_working
figma,figma.files.meta,inferred,executable,True,True,figma:files:read|figma:*,True,low,False,True,True,live,verified_working
figma,figma.projects.list,inferred,executable,True,True,figma:projects:read|figma:*,True,low,False,True,True,live,verified_working
figma,figma.comments.create,inferred,requires_approval,True,True,figma:comments:write|figma:*,True,high,True,True,True,live,verified_working
figma,figma.dev_resources.create,inferred,requires_approval,True,True,figma:dev_resources:write|figma:*,True,high,True,True,True,live,verified_working
figma,figma.projects.files.list,inferred,executable,True,True,figma:projects:read|figma:*,True,medium,False,True,True,live,verified_working
figma,figma.comments.list,inferred,executable,True,True,figma:comments:read|figma:*,True,medium,False,True,True,live,verified_working
figma,figma.batch.images.export,inferred,executable,True,True,figma:files:read|figma:*,True,medium,False,True,True,live,verified_working
figma,figma.comments.delete,inferred,requires_approval,True,True,figma:comments:write|figma:*,True,high,True,True,True,live,verified_working
figma,figma.files.versions.list,inferred,executable,True,True,figma:files:read|figma:*,True,medium,False,True,True,live,verified_working
figma,figma.users.me,inferred,executable,True,True,figma:users:read|figma:*,True,medium,False,True,True,live,verified_working
fhir,fhir.patients.get,inferred,executable,True,True,fhir:patients:read|fhir:*,True,low,False,True,True,mock,verified_working
fhir,fhir.patients.search,inferred,executable,True,True,fhir:patients:read|fhir:*,True,low,False,True,True,mock,verified_working
fhir,fhir.appointments.search,inferred,executable,True,True,fhir:appointments:read|fhir:*,True,low,False,True,True,mock,verified_working
fhir,fhir.prior_auth.checklist,inferred,requires_approval,True,True,fhir:prior_auth:write|fhir:*,True,high,True,True,True,mock,verified_working
fhir,fhir.coverage.eligibility,inferred,executable,True,True,fhir:coverage:read|fhir:*,True,medium,False,True,True,mock,verified_working
webhook,webhook.connectors.get,inferred,not_implemented,False,False,webhook:connectors:read|webhook:*,True,low,False,False,False,mock,not_implemented
webhook,webhook.post,inferred,requires_approval,True,True,webhook:post:write|webhook:*,True,high,True,True,True,live,verified_working
webhook,webhook.post.replay,inferred,not_implemented,False,False,webhook:post:write|webhook:*,True,high,True,False,False,mock,not_implemented
fred,fred.series.get,override,executable,True,True,fred:series:read|fred:*,True,low,False,True,True,live,verified_working
fred,fred.series.search,inferred,executable,True,True,fred:series:read|fred:*,True,low,False,True,True,none,implemented_unverified
fred,fred.series.observations.get,inferred,executable,True,True,fred:series:read|fred:*,True,medium,False,True,True,none,implemented_unverified
nvd,nvd.cve.get,override,executable,True,True,nvd:cve:read|nvd:*,True,low,False,True,True,mock,verified_working
nvd,nvd.cve.search,inferred,executable,True,True,nvd:cve:read|nvd:*,True,low,False,True,True,none,implemented_unverified
nvd,nvd.cve.recent,inferred,executable,True,True,nvd:cve:read|nvd:*,True,medium,False,True,True,none,implemented_unverified
cisa_kev,cisa_kev.feed.get,override,executable,True,True,cisa_kev:feed:read|cisa_kev:*,True,low,False,True,True,mock,verified_working
cisa_kev,cisa_kev.cve.lookup,inferred,executable,True,True,cisa_kev:feed:read|cisa_kev:*,True,low,False,True,True,none,implemented_unverified
cisa_kev,cisa_kev.feed.diff,inferred,executable,True,True,cisa_kev:feed:read|cisa_kev:*,True,medium,False,True,True,none,implemented_unverified
sec_edgar,sec_edgar.filings.search,override,executable,True,True,sec_edgar:filings:read|sec_edgar:*,True,low,False,True,True,mock,verified_working
sec_edgar,sec_edgar.company.get,inferred,executable,True,True,sec_edgar:filings:read|sec_edgar:*,True,low,False,True,True,none,implemented_unverified
sec_edgar,sec_edgar.filings.recent,inferred,executable,True,True,sec_edgar:filings:read|sec_edgar:*,True,medium,False,True,True,none,implemented_unverified
linear,linear.issues.list,inferred,executable,True,True,linear:issues:read|linear:*,True,low,False,True,True,live,verified_working
linear,linear.issues.get,inferred,executable,True,True,linear:issues:read|linear:*,True,low,False,True,True,live,verified_working
linear,linear.issues.create,inferred,requires_approval,True,True,linear:issues:write|linear:*,True,high,True,True,True,live,verified_working
linear,linear.issues.update,inferred,requires_approval,True,True,linear:issues:write|linear:*,True,high,True,True,True,live,verified_working
linear,linear.issues.search,inferred,executable,True,True,linear:issues:read|linear:*,True,medium,False,True,True,none,implemented_unverified
gitlab,gitlab.projects.list,inferred,executable,True,True,gitlab:projects:read|gitlab:*,True,low,False,True,True,none,implemented_unverified
gitlab,gitlab.issues.list,inferred,executable,True,True,gitlab:issues:read|gitlab:*,True,low,False,True,True,none,implemented_unverified
gitlab,gitlab.issues.create,inferred,requires_approval,True,True,gitlab:issues:write|gitlab:*,True,high,True,True,True,none,implemented_unverified
gitlab,gitlab.merge_requests.create,inferred,requires_approval,True,True,gitlab:merge_requests:write|gitlab:*,True,high,True,True,True,none,implemented_unverified
gitlab,gitlab.merge_requests.list,inferred,executable,True,True,gitlab:merge_requests:read|gitlab:*,True,medium,False,True,True,none,implemented_unverified
shopify,shopify.products.list,inferred,executable,True,True,shopify:products:read|shopify:*,True,low,False,True,True,none,implemented_unverified
shopify,shopify.orders.list,inferred,executable,True,True,shopify:orders:read|shopify:*,True,low,False,True,True,none,implemented_unverified
shopify,shopify.products.create,inferred,requires_approval,True,True,shopify:products:write|shopify:*,True,high,True,True,True,none,implemented_unverified
shopify,shopify.orders.update,inferred,requires_approval,True,True,shopify:orders:write|shopify:*,True,high,True,True,True,none,implemented_unverified
shopify,shopify.customers.list,inferred,executable,True,True,shopify:customers:read|shopify:*,True,medium,False,True,True,none,implemented_unverified
paypal,paypal.payments.list,inferred,executable,True,True,paypal:payments:read|paypal:*,True,low,False,True,True,none,implemented_unverified
paypal,paypal.orders.get,inferred,executable,True,True,paypal:orders:read|paypal:*,True,low,False,True,True,none,implemented_unverified
paypal,paypal.refunds.create,inferred,requires_approval,True,True,paypal:refunds:write|paypal:*,True,high,True,True,True,none,implemented_unverified
paypal,paypal.payouts.create,inferred,requires_approval,True,True,paypal:payouts:write|paypal:*,True,high,True,True,True,none,implemented_unverified
paypal,paypal.disputes.list,inferred,executable,True,True,paypal:disputes:read|paypal:*,True,medium,False,True,True,none,implemented_unverified
brevo,brevo.contacts.list,inferred,executable,True,True,brevo:contacts:read|brevo:*,True,low,False,True,True,none,implemented_unverified
brevo,brevo.campaigns.list,inferred,executable,True,True,brevo:campaigns:read|brevo:*,True,low,False,True,True,none,implemented_unverified
brevo,brevo.email.send,inferred,requires_approval,True,True,brevo:email:send|brevo:*,True,high,True,True,True,none,implemented_unverified
brevo,brevo.contacts.create,inferred,requires_approval,True,True,brevo:contacts:write|brevo:*,True,high,True,True,True,none,implemented_unverified
brevo,brevo.contacts.update,inferred,requires_approval,True,True,brevo:contacts:write|brevo:*,True,high,True,True,True,none,implemented_unverified
meta_marketing,meta_marketing.campaigns.list,inferred,executable,True,True,meta_marketing:ads:read|meta_marketing:*,True,low,False,True,True,none,implemented_unverified
meta_marketing,meta_marketing.adsets.list,inferred,executable,True,True,meta_marketing:ads:read|meta_marketing:*,True,low,False,True,True,none,implemented_unverified
meta_marketing,meta_marketing.campaigns.create,inferred,requires_approval,True,True,meta_marketing:ads:write|meta_marketing:*,True,high,True,True,True,none,implemented_unverified
meta_marketing,meta_marketing.campaigns.update,inferred,requires_approval,True,True,meta_marketing:ads:write|meta_marketing:*,True,high,True,True,True,none,implemented_unverified
meta_marketing,meta_marketing.adsets.update,inferred,requires_approval,True,True,meta_marketing:ads:write|meta_marketing:*,True,high,True,True,True,none,implemented_unverified
platform,platform.health.snapshot,override,executable,True,True,platform:health:read|platform:*,True,low,False,True,True,live,verified_working
platform,platform.connector_ops.summary,inferred,executable,True,True,platform:health:read|platform:*,True,low,False,True,True,live,verified_working
platform,platform.approval.latency.report,inferred,executable,True,True,platform:health:read|platform:*,True,medium,False,True,True,live,verified_working
